user_id,movie_id,rating
user_id_1,19995,3
user_id_1,285,2
user_id_1,206647,3
user_id_1,49026,5
user_id_1,49529,3
user_id_1,559,3
user_id_1,38757,5
user_id_1,99861,1
user_id_1,767,1
user_id_1,209112,4
user_id_1,1452,1
user_id_1,10764,1
user_id_1,58,3
user_id_1,57201,4
user_id_1,49521,3
user_id_1,2454,5
user_id_1,24428,5
user_id_1,1865,5
user_id_1,41154,5
user_id_1,122917,2
user_id_1,1930,1
user_id_1,20662,2
user_id_1,57158,5
user_id_1,2268,3
user_id_1,254,3
user_id_1,597,4
user_id_1,271110,2
user_id_1,44833,4
user_id_1,135397,4
user_id_1,37724,5
user_id_1,558,4
user_id_1,68721,2
user_id_1,12155,4
user_id_1,36668,4
user_id_1,62211,3
user_id_1,8373,4
user_id_1,91314,3
user_id_1,68728,5
user_id_1,102382,1
user_id_1,20526,4
user_id_1,49013,5
user_id_1,44912,1
user_id_1,10193,2
user_id_1,534,3
user_id_1,168259,4
user_id_1,72190,5
user_id_1,127585,2
user_id_1,54138,5
user_id_1,81005,1
user_id_1,64682,3
user_id_1,9543,3
user_id_1,68726,5
user_id_1,38356,3
user_id_1,217,5
user_id_1,105864,5
user_id_1,62177,2
user_id_1,188927,1
user_id_1,10681,2
user_id_1,5174,4
user_id_1,14161,2
user_id_1,17979,1
user_id_1,76757,4
user_id_1,258489,1
user_id_1,411,2
user_id_1,246655,1
user_id_1,155,1
user_id_1,14160,3
user_id_1,15512,2
user_id_1,1726,3
user_id_1,44826,1
user_id_1,8487,1
user_id_1,1735,4
user_id_1,297761,3
user_id_1,2698,1
user_id_1,137113,2
user_id_1,9804,3
user_id_1,14869,3
user_id_1,150540,5
user_id_1,278927,5
user_id_1,10138,3
user_id_1,58595,4
user_id_1,102651,4
user_id_1,119450,3
user_id_1,79698,4
user_id_1,64686,5
user_id_1,100402,2
user_id_1,10192,1
user_id_1,158852,4
user_id_1,177572,5
user_id_1,82690,2
user_id_1,5255,5
user_id_1,47933,1
user_id_1,10191,3
user_id_1,296,4
user_id_1,118340,2
user_id_1,157336,2
user_id_1,27205,4
user_id_1,315011,4
user_id_1,49051,3
user_id_1,9799,5
user_id_1,4922,1
user_id_1,49538,2
user_id_1,131634,4
user_id_1,27022,5
user_id_1,503,2
user_id_1,241259,5
user_id_1,810,3
user_id_1,68735,5
user_id_1,87101,4
user_id_1,10140,2
user_id_1,676,3
user_id_1,1858,3
user_id_1,1966,3
user_id_1,675,2
user_id_1,674,4
user_id_1,8960,4
user_id_1,6479,2
user_id_1,118,3
user_id_1,2062,3
user_id_1,272,5
user_id_1,10527,4
user_id_1,18360,1
user_id_1,2080,4
user_id_1,605,2
user_id_1,109445,3
user_id_1,604,5
user_id_1,76338,3
user_id_1,76341,3
user_id_1,13448,4
user_id_1,10195,5
user_id_1,13053,4
user_id_1,19585,2
user_id_1,57165,3
user_id_1,62213,4
user_id_1,177677,5
user_id_1,7978,1
user_id_1,5559,4
user_id_1,49444,5
user_id_1,10196,2
user_id_1,956,3
user_id_1,117251,1
user_id_1,50321,2
user_id_1,11619,1
user_id_1,266647,3
user_id_1,82703,1
user_id_1,652,2
user_id_1,80321,3
user_id_1,36669,1
user_id_1,43074,5
user_id_1,95,2
user_id_1,608,5
user_id_1,2310,4
user_id_1,140300,1
user_id_1,56292,2
user_id_1,81188,1
user_id_1,7552,5
user_id_1,616,2
user_id_1,147441,4
user_id_1,13475,1
user_id_1,557,2
user_id_1,82702,2
user_id_1,205584,2
user_id_1,10048,3
user_id_1,13183,3
user_id_1,944,3
user_id_1,1927,3
user_id_1,72559,1
user_id_1,7364,5
user_id_1,2114,4
user_id_1,1771,1
user_id_1,36643,4
user_id_1,8619,2
user_id_1,50620,2
user_id_1,65759,4
user_id_1,1724,4
user_id_1,267935,3
user_id_1,281957,5
user_id_1,77950,1
user_id_1,44896,4
user_id_1,270946,2
user_id_1,2503,4
user_id_1,9502,5
user_id_1,102899,2
user_id_1,101299,5
user_id_1,228161,2
user_id_1,74,4
user_id_1,8961,2
user_id_1,417859,2
user_id_1,27576,5
user_id_1,86834,4
user_id_1,17578,2
user_id_1,673,3
user_id_1,6972,5
user_id_1,82700,2
user_id_1,10567,3
user_id_1,181533,1
user_id_1,38055,2
user_id_1,671,1
user_id_1,49524,2
user_id_1,22,4
user_id_1,131631,5
user_id_1,591,2
user_id_1,172385,2
user_id_1,36658,2
user_id_1,51497,4
user_id_1,58574,1
user_id_1,18823,5
user_id_1,861,4
user_id_1,1911,5
user_id_1,49040,1
user_id_1,415,5
user_id_1,8871,3
user_id_1,435,3
user_id_1,955,1
user_id_1,2133,1
user_id_1,1979,4
user_id_1,87827,5
user_id_1,1250,5
user_id_1,324668,3
user_id_1,9471,3
user_id_1,70981,5
user_id_1,10996,2
user_id_1,68724,3
user_id_1,2789,3
user_id_1,97020,5
user_id_1,7459,3
user_id_1,42888,4
user_id_1,37834,5
user_id_1,75612,3
user_id_1,1895,2
user_id_1,1894,5
user_id_1,585,5
user_id_1,76170,3
user_id_1,1893,2
user_id_1,49519,4
user_id_1,2395,4
user_id_1,12100,4
user_id_1,290595,2
user_id_1,98566,4
user_id_1,49047,1
user_id_1,9619,1
user_id_1,308531,3
user_id_1,166424,3
user_id_1,1593,5
user_id_1,254128,3
user_id_1,714,2
user_id_1,2024,5
user_id_1,163,1
user_id_1,787,4
user_id_1,262500,1
user_id_1,2567,3
user_id_1,38745,1
user_id_1,40805,1
user_id_1,53182,3
user_id_1,41513,4
user_id_1,13700,5
user_id_1,262504,4
user_id_1,39254,2
user_id_1,77931,2
user_id_1,1639,4
user_id_1,80274,1
user_id_1,1571,4
user_id_1,120,3
user_id_1,10204,2
user_id_1,8489,3
user_id_1,10588,4
user_id_1,2048,5
user_id_1,1495,2
user_id_1,10137,4
user_id_1,10198,2
user_id_1,286217,4
user_id_1,1635,3
user_id_1,24113,2
user_id_1,9679,1
user_id_1,98,1
user_id_1,180,2
user_id_1,672,4
user_id_1,36557,3
user_id_1,869,1
user_id_1,280,3
user_id_1,11322,1
user_id_1,4982,5
user_id_1,36955,1
user_id_1,18487,1
user_id_1,39451,4
user_id_1,27581,1
user_id_1,9268,5
user_id_1,68718,4
user_id_1,10545,4
user_id_1,11688,2
user_id_1,76163,4
user_id_1,2059,2
user_id_1,2486,1
user_id_1,16523,1
user_id_1,116711,1
user_id_1,37710,3
user_id_1,9946,1
user_id_1,1372,4
user_id_1,106646,5
user_id_1,414,4
user_id_1,563,5
user_id_1,83542,3
user_id_1,41216,3
user_id_1,314,3
user_id_1,184315,5
user_id_1,9016,1
user_id_1,18162,4
user_id_1,138103,4
user_id_1,257088,3
user_id_1,10214,1
user_id_1,205775,1
user_id_1,11692,5
user_id_1,22972,5
user_id_1,227973,1
user_id_1,29193,2
user_id_1,1734,4
user_id_1,3131,1
user_id_1,76758,1
user_id_1,9408,1
user_id_1,9890,4
user_id_1,855,4
user_id_1,77953,1
user_id_1,18,5
user_id_1,37786,1
user_id_1,10501,4
user_id_1,57800,5
user_id_1,150689,1
user_id_1,7980,4
user_id_1,12,4
user_id_1,122,2
user_id_1,121,1
user_id_1,68737,5
user_id_1,1995,2
user_id_1,157353,2
user_id_1,331,3
user_id_1,61791,3
user_id_1,8204,4
user_id_1,47964,2
user_id_1,10733,2
user_id_1,9806,1
user_id_1,1408,4
user_id_1,32657,1
user_id_1,607,5
user_id_1,863,1
user_id_1,44048,1
user_id_1,5175,5
user_id_1,2655,1
user_id_1,22794,4
user_id_1,8355,1
user_id_1,116745,2
user_id_1,4327,5
user_id_1,1422,1
user_id_1,10674,5
user_id_1,7446,2
user_id_1,65754,1
user_id_1,1572,5
user_id_1,10528,4
user_id_1,271969,2
user_id_1,10865,2
user_id_1,258509,4
user_id_1,2253,5
user_id_1,10661,4
user_id_1,257344,1
user_id_1,644,1
user_id_1,10756,4
user_id_1,686,4
user_id_1,9383,5
user_id_1,179,4
user_id_1,76285,4
user_id_1,1996,3
user_id_1,291805,3
user_id_1,10003,3
user_id_1,1535,1
user_id_1,2067,1
user_id_1,46195,1
user_id_1,2277,4
user_id_1,10357,2
user_id_1,4477,5
user_id_1,8665,1
user_id_1,9387,1
user_id_1,921,2
user_id_1,49852,3
user_id_1,4464,5
user_id_1,664,2
user_id_1,8358,3
user_id_1,9836,1
user_id_1,2502,1
user_id_1,9772,3
user_id_1,161,1
user_id_1,52451,3
user_id_1,76492,2
user_id_1,4523,3
user_id_1,59961,2
user_id_1,10481,1
user_id_1,59108,5
user_id_1,1581,3
user_id_1,9798,1
user_id_1,22897,1
user_id_1,298,5
user_id_1,7484,3
user_id_1,157350,4
user_id_1,853,3
user_id_1,10159,5
user_id_1,9593,5
user_id_1,1904,1
user_id_1,9615,5
user_id_1,51052,5
user_id_1,297,3
user_id_1,9884,3
user_id_1,16858,5
user_id_1,62764,2
user_id_1,22538,4
user_id_1,9341,5
user_id_1,12107,5
user_id_1,9637,5
user_id_1,49049,2
user_id_1,9339,1
user_id_1,16281,4
user_id_1,39691,4
user_id_1,8247,2
user_id_1,11253,5
user_id_1,1949,5
user_id_1,8452,4
user_id_1,310,5
user_id_1,27578,1
user_id_1,954,4
user_id_1,70160,2
user_id_1,45243,1
user_id_1,364,2
user_id_1,7518,1
user_id_1,11544,4
user_id_1,9986,2
user_id_1,8656,3
user_id_1,146216,1
user_id_1,9291,5
user_id_1,55301,4
user_id_1,109418,3
user_id_1,11665,2
user_id_1,6964,3
user_id_1,11324,3
user_id_1,12193,2
user_id_1,9928,1
user_id_1,754,4
user_id_1,10202,5
user_id_1,4147,4
user_id_1,50546,4
user_id_1,1701,2
user_id_1,13027,1
user_id_1,2289,1
user_id_1,20504,1
user_id_1,9574,2
user_id_1,11618,3
user_id_1,2300,5
user_id_1,12096,2
user_id_1,10200,1
user_id_1,8834,3
user_id_1,228150,1
user_id_1,6068,1
user_id_1,41515,4
user_id_1,9023,2
user_id_1,38317,4
user_id_1,2157,2
user_id_1,14462,3
user_id_1,161795,3
user_id_1,159824,1
user_id_1,49948,4
user_id_1,2135,4
user_id_1,9822,5
user_id_1,9705,4
user_id_1,1656,4
user_id_1,12159,2
user_id_1,9678,3
user_id_1,4442,1
user_id_1,75,4
user_id_1,330770,3
user_id_1,9433,4
user_id_1,19959,2
user_id_1,11973,1
user_id_1,11228,2
user_id_1,77951,2
user_id_1,5491,4
user_id_2,10715,4
user_id_2,10197,1
user_id_2,9562,4
user_id_2,9922,5
user_id_2,9447,5
user_id_2,274854,1
user_id_2,8870,4
user_id_2,9992,5
user_id_2,36970,5
user_id_2,10077,5
user_id_2,76649,2
user_id_2,293644,3
user_id_2,453,3
user_id_2,8587,5
user_id_2,72545,3
user_id_2,109451,1
user_id_2,9533,4
user_id_2,2023,5
user_id_2,71880,3
user_id_2,584,5
user_id_2,309809,3
user_id_2,4858,2
user_id_2,17711,2
user_id_2,328111,4
user_id_2,8698,3
user_id_2,93456,2
user_id_2,602,4
user_id_2,330,1
user_id_2,953,1
user_id_2,9693,1
user_id_2,36657,3
user_id_2,8909,2
user_id_2,9802,1
user_id_2,950,1
user_id_2,1824,4
user_id_2,2976,3
user_id_2,11026,5
user_id_2,332,3
user_id_2,75656,4
user_id_2,38365,3
user_id_2,594,2
user_id_2,15189,3
user_id_2,11678,1
user_id_2,6538,3
user_id_2,10555,3
user_id_2,1125,4
user_id_2,4551,2
user_id_2,612,1
user_id_2,9567,3
user_id_2,37821,1
user_id_2,203801,5
user_id_2,2539,3
user_id_2,9297,3
user_id_2,3172,4
user_id_2,6520,3
user_id_2,1439,2
user_id_2,37958,4
user_id_2,2026,2
user_id_2,7450,3
user_id_2,11375,2
user_id_2,9425,3
user_id_2,25769,1
user_id_2,23685,1
user_id_2,11866,5
user_id_2,9741,3
user_id_2,211672,1
user_id_2,23629,2
user_id_2,8688,1
user_id_2,10153,5
user_id_2,153518,2
user_id_2,8676,5
user_id_2,20829,4
user_id_2,4349,1
user_id_2,9718,4
user_id_2,10808,2
user_id_2,197,4
user_id_2,25,5
user_id_2,35,1
user_id_2,11086,1
user_id_2,10477,2
user_id_2,1997,1
user_id_2,6947,3
user_id_2,3050,2
user_id_2,2675,4
user_id_2,809,4
user_id_2,920,5
user_id_2,4806,2
user_id_2,7451,4
user_id_2,228165,5
user_id_2,3595,4
user_id_2,16869,1
user_id_2,879,2
user_id_2,1573,1
user_id_2,9257,1
user_id_2,1903,1
user_id_2,9697,2
user_id_2,395,2
user_id_2,23398,2
user_id_2,10590,2
user_id_2,117263,2
user_id_2,200,5
user_id_2,44943,3
user_id_2,587,4
user_id_2,10395,3
user_id_2,57212,3
user_id_2,152760,3
user_id_2,2756,3
user_id_2,33909,1
user_id_2,49017,3
user_id_2,9882,1
user_id_2,2270,3
user_id_2,978,3
user_id_2,44564,3
user_id_2,3132,1
user_id_2,8814,2
user_id_2,8427,2
user_id_2,52520,4
user_id_2,80585,4
user_id_2,10592,5
user_id_2,49021,1
user_id_2,11535,1
user_id_2,10550,3
user_id_2,11258,3
user_id_2,12610,3
user_id_2,59981,4
user_id_2,201088,3
user_id_2,5137,2
user_id_2,3093,2
user_id_2,107846,5
user_id_2,188207,4
user_id_2,4614,4
user_id_2,24021,4
user_id_2,11371,2
user_id_2,20352,3
user_id_2,11517,3
user_id_2,214756,4
user_id_2,26428,2
user_id_2,9824,4
user_id_2,48988,2
user_id_2,9008,3
user_id_2,300673,4
user_id_2,12113,3
user_id_2,38778,4
user_id_2,72331,1
user_id_2,1844,5
user_id_2,846,4
user_id_2,9703,2
user_id_2,857,5
user_id_2,136797,3
user_id_2,3981,1
user_id_2,425,5
user_id_2,6171,1
user_id_2,72976,3
user_id_2,603,2
user_id_2,568,3
user_id_2,9021,3
user_id_2,82695,3
user_id_2,9489,4
user_id_2,12133,2
user_id_2,9342,1
user_id_2,41733,5
user_id_2,227306,3
user_id_2,5551,3
user_id_2,9350,1
user_id_2,9208,3
user_id_2,4244,5
user_id_2,1852,2
user_id_2,11820,2
user_id_2,76493,4
user_id_2,345,4
user_id_2,196867,4
user_id_2,256591,2
user_id_2,59962,4
user_id_2,36648,3
user_id_2,1880,5
user_id_2,9440,1
user_id_2,71679,5
user_id_2,10483,5
user_id_2,11412,3
user_id_2,11983,5
user_id_2,6795,2
user_id_2,550,5
user_id_2,11170,2
user_id_2,9292,4
user_id_2,10783,3
user_id_2,100241,3
user_id_2,257,1
user_id_2,9947,2
user_id_2,189,5
user_id_2,12618,4
user_id_2,253412,1
user_id_2,1427,4
user_id_2,818,5
user_id_2,16577,3
user_id_2,329,3
user_id_2,12160,5
user_id_2,9331,3
user_id_2,300168,2
user_id_2,9072,2
user_id_2,3536,5
user_id_2,9087,2
user_id_2,12177,1
user_id_2,12138,1
user_id_2,273248,3
user_id_2,9955,2
user_id_2,50359,2
user_id_2,1271,4
user_id_2,693,3
user_id_2,14306,5
user_id_2,497,1
user_id_2,11199,2
user_id_2,9982,4
user_id_2,210577,5
user_id_2,2501,5
user_id_2,710,4
user_id_2,2275,5
user_id_2,37165,5
user_id_2,9837,2
user_id_2,10708,1
user_id_2,136400,5
user_id_2,10992,4
user_id_2,9654,1
user_id_2,2642,3
user_id_2,8916,1
user_id_2,19899,3
user_id_2,2119,5
user_id_2,9641,1
user_id_2,294254,5
user_id_2,38167,5
user_id_2,5994,1
user_id_2,39514,2
user_id_2,9563,3
user_id_2,547,4
user_id_2,1538,2
user_id_2,9334,1
user_id_2,11128,2
user_id_2,75780,2
user_id_2,8914,4
user_id_2,13576,1
user_id_2,39538,5
user_id_2,10628,1
user_id_2,14836,1
user_id_2,8645,2
user_id_2,9509,3
user_id_2,10067,3
user_id_2,9384,3
user_id_2,9279,4
user_id_2,1487,2
user_id_2,9422,1
user_id_2,77174,2
user_id_2,4824,3
user_id_2,9620,4
user_id_2,9302,4
user_id_2,10199,2
user_id_2,10771,1
user_id_2,3512,5
user_id_2,137094,1
user_id_2,274479,3
user_id_2,267860,2
user_id_2,8078,2
user_id_2,7485,4
user_id_2,170687,2
user_id_2,6435,4
user_id_2,137106,1
user_id_2,10040,5
user_id_2,6278,5
user_id_2,82682,1
user_id_2,17610,4
user_id_2,22954,5
user_id_2,16995,1
user_id_2,16558,1
user_id_2,9849,2
user_id_2,5820,4
user_id_2,16866,3
user_id_2,201,2
user_id_2,11775,1
user_id_2,87825,3
user_id_2,12201,5
user_id_2,11015,4
user_id_2,9932,5
user_id_2,13389,3
user_id_2,8838,1
user_id_2,17332,1
user_id_2,4958,2
user_id_2,786,3
user_id_2,9513,4
user_id_2,11679,5
user_id_2,38321,2
user_id_2,14411,4
user_id_2,8413,2
user_id_2,10052,5
user_id_2,9676,5
user_id_2,9664,4
user_id_2,2100,2
user_id_2,10384,1
user_id_2,137321,3
user_id_2,123553,3
user_id_2,11260,1
user_id_2,9009,2
user_id_2,11374,3
user_id_2,2309,3
user_id_2,8285,4
user_id_2,210860,5
user_id_2,2312,5
user_id_2,9839,2
user_id_2,381902,3
user_id_2,13922,1
user_id_2,293660,3
user_id_2,9713,3
user_id_2,190859,5
user_id_2,257445,3
user_id_2,9007,5
user_id_2,889,4
user_id_2,1370,4
user_id_2,4942,3
user_id_2,347969,3
user_id_2,24438,4
user_id_2,116741,4
user_id_2,35791,4
user_id_2,72431,4
user_id_2,1813,3
user_id_2,87428,3
user_id_2,8840,3
user_id_2,10589,4
user_id_2,71676,1
user_id_2,1722,5
user_id_2,10022,3
user_id_2,11358,2
user_id_2,13,2
user_id_2,6477,5
user_id_2,1597,4
user_id_2,10530,5
user_id_2,1924,4
user_id_2,9327,1
user_id_2,8488,3
user_id_2,10603,2
user_id_2,8273,3
user_id_2,109424,3
user_id_2,35056,3
user_id_2,8839,3
user_id_2,156022,5
user_id_2,7303,5
user_id_2,8963,2
user_id_2,1402,5
user_id_2,9315,2
user_id_2,8984,3
user_id_2,795,5
user_id_2,24,4
user_id_2,11353,2
user_id_2,393,4
user_id_2,9618,3
user_id_2,9374,3
user_id_2,8584,4
user_id_2,2320,2
user_id_2,58224,3
user_id_2,1729,4
user_id_2,175574,4
user_id_2,8077,2
user_id_2,8818,1
user_id_2,8195,2
user_id_2,10586,3
user_id_2,116149,4
user_id_2,80035,4
user_id_2,10632,3
user_id_2,12117,5
user_id_2,1792,5
user_id_2,13260,4
user_id_2,72197,4
user_id_2,3580,5
user_id_2,12123,5
user_id_2,9566,2
user_id_2,9833,4
user_id_2,4517,4
user_id_2,8202,1
user_id_2,16072,1
user_id_2,34314,1
user_id_2,19724,2
user_id_2,145220,5
user_id_2,14623,4
user_id_2,42297,3
user_id_2,2841,3
user_id_2,802,5
user_id_2,10375,3
user_id_2,36586,5
user_id_2,11321,2
user_id_2,70074,4
user_id_2,242,5
user_id_2,9621,2
user_id_2,1819,4
user_id_2,8536,3
user_id_2,8046,1
user_id_2,1717,4
user_id_2,479,2
user_id_2,9444,2
user_id_2,824,1
user_id_2,11456,1
user_id_2,261023,4
user_id_2,3683,2
user_id_2,22803,1
user_id_2,285923,3
user_id_2,39437,1
user_id_2,1950,3
user_id_2,640,1
user_id_2,97630,3
user_id_2,9767,3
user_id_2,11631,1
user_id_2,32856,1
user_id_2,6519,5
user_id_2,8741,5
user_id_2,49520,2
user_id_2,1850,3
user_id_2,524,3
user_id_2,26389,4
user_id_2,11817,5
user_id_2,2123,5
user_id_2,9907,4
user_id_2,9969,1
user_id_2,18239,1
user_id_2,808,2
user_id_2,38050,4
user_id_2,8367,1
user_id_2,9390,4
user_id_2,72105,3
user_id_2,2898,1
user_id_2,10312,2
user_id_2,109443,4
user_id_2,2022,4
user_id_2,37686,1
user_id_2,462,2
user_id_2,9919,3
user_id_2,187017,5
user_id_2,628,3
user_id_2,10201,4
user_id_2,302699,5
user_id_2,9441,1
user_id_2,274167,1
user_id_2,224141,1
user_id_2,388,5
user_id_2,2112,2
user_id_2,10329,5
user_id_2,74465,2
user_id_2,13811,4
user_id_2,6877,5
user_id_2,10320,3
user_id_2,50646,3
user_id_2,8920,3
user_id_2,13673,4
user_id_2,60308,4
user_id_2,6950,1
user_id_2,225574,3
user_id_2,13836,3
user_id_2,752,2
user_id_2,6038,5
user_id_2,9975,1
user_id_2,11451,1
user_id_2,12103,3
user_id_2,60304,3
user_id_2,2251,3
user_id_2,46529,2
user_id_2,231,4
user_id_2,300671,3
user_id_2,228326,5
user_id_2,9754,1
user_id_2,66,3
user_id_2,4421,3
user_id_2,2649,1
user_id_2,588,1
user_id_2,10393,1
user_id_2,71552,5
user_id_2,9631,2
user_id_2,216282,3
user_id_2,306,5
user_id_2,928,3
user_id_2,205587,2
user_id_2,6623,1
user_id_2,1577,4
user_id_2,9801,3
user_id_2,2116,5
user_id_2,9624,4
user_id_2,14199,3
user_id_2,1907,1
user_id_3,4599,5
user_id_3,22832,4
user_id_3,10390,3
user_id_3,9879,3
user_id_3,38579,4
user_id_3,44603,5
user_id_3,11892,5
user_id_3,9691,2
user_id_3,1248,1
user_id_3,12220,3
user_id_3,72710,3
user_id_3,10782,1
user_id_3,9573,3
user_id_3,4959,1
user_id_3,10061,4
user_id_3,10386,5
user_id_3,421,4
user_id_3,316152,3
user_id_3,11615,1
user_id_3,13498,4
user_id_3,241554,4
user_id_3,2252,2
user_id_3,11968,1
user_id_3,10047,3
user_id_3,38319,2
user_id_3,69668,2
user_id_3,9770,5
user_id_3,11212,3
user_id_3,10533,4
user_id_3,38363,3
user_id_3,9923,5
user_id_3,11863,1
user_id_3,18501,4
user_id_3,109491,5
user_id_3,9275,1
user_id_3,329833,5
user_id_3,12634,3
user_id_3,10416,5
user_id_3,47327,3
user_id_3,15268,3
user_id_3,10796,2
user_id_3,9548,4
user_id_3,18947,2
user_id_3,1900,1
user_id_3,89,1
user_id_3,96724,4
user_id_3,198184,1
user_id_3,9481,3
user_id_3,4547,5
user_id_3,53953,3
user_id_3,6415,5
user_id_3,181283,1
user_id_3,9896,2
user_id_3,167,3
user_id_3,11232,1
user_id_3,1636,3
user_id_3,2148,3
user_id_3,5176,1
user_id_3,260346,2
user_id_3,1389,3
user_id_3,9894,3
user_id_3,7504,1
user_id_3,8592,1
user_id_3,913,1
user_id_3,11091,5
user_id_3,1368,1
user_id_3,593,5
user_id_3,5393,1
user_id_3,9095,4
user_id_3,8874,1
user_id_3,11467,4
user_id_3,320,5
user_id_3,199,3
user_id_3,20533,2
user_id_3,10684,3
user_id_3,1624,1
user_id_3,325789,5
user_id_3,113464,1
user_id_3,888,5
user_id_3,82675,4
user_id_3,4256,4
user_id_3,1493,2
user_id_3,88751,4
user_id_3,11130,5
user_id_3,9944,3
user_id_3,10731,2
user_id_3,7350,4
user_id_3,9869,5
user_id_3,4379,3
user_id_3,146233,3
user_id_3,2034,2
user_id_3,926,2
user_id_3,4248,3
user_id_3,64328,1
user_id_3,36647,1
user_id_3,7214,5
user_id_3,1537,5
user_id_3,9360,3
user_id_3,6282,1
user_id_3,508,1
user_id_3,9487,2
user_id_3,768,1
user_id_3,2636,5
user_id_3,10478,3
user_id_3,27983,5
user_id_3,9981,4
user_id_3,7453,5
user_id_3,15045,4
user_id_3,7737,2
user_id_3,232672,5
user_id_3,17379,5
user_id_3,8987,5
user_id_3,11359,1
user_id_3,82525,1
user_id_3,9759,2
user_id_3,9486,5
user_id_3,9906,2
user_id_3,841,5
user_id_3,4688,1
user_id_3,4148,5
user_id_3,2207,5
user_id_3,9381,4
user_id_3,9625,4
user_id_3,9304,2
user_id_3,20856,2
user_id_3,5955,3
user_id_3,9899,1
user_id_3,9826,3
user_id_3,21355,4
user_id_3,10858,3
user_id_3,11439,4
user_id_3,9457,3
user_id_3,12412,2
user_id_3,1494,4
user_id_3,13184,2
user_id_3,2185,1
user_id_3,6639,4
user_id_3,38153,5
user_id_3,58233,4
user_id_3,116977,4
user_id_3,68734,2
user_id_3,5503,2
user_id_3,27573,1
user_id_3,819,5
user_id_3,1369,2
user_id_3,9623,1
user_id_3,10895,4
user_id_3,10935,1
user_id_3,834,1
user_id_3,228066,5
user_id_3,711,5
user_id_3,10468,2
user_id_3,10027,1
user_id_3,11812,4
user_id_3,37233,5
user_id_3,37950,4
user_id_3,27582,5
user_id_3,64688,5
user_id_3,509,3
user_id_3,7443,3
user_id_3,5966,5
user_id_3,11066,5
user_id_3,136795,4
user_id_3,8095,2
user_id_3,87826,5
user_id_3,11560,4
user_id_3,25189,1
user_id_3,2637,1
user_id_3,18480,4
user_id_3,709,5
user_id_3,49730,4
user_id_3,2749,1
user_id_3,9607,1
user_id_3,1830,2
user_id_3,79,4
user_id_3,54054,2
user_id_3,228967,4
user_id_3,46528,3
user_id_3,27936,1
user_id_3,65,5
user_id_3,280391,1
user_id_3,9476,5
user_id_3,10610,2
user_id_3,745,5
user_id_3,49527,5
user_id_3,73937,2
user_id_3,1885,3
user_id_3,168672,3
user_id_3,18240,3
user_id_3,10398,1
user_id_3,165,1
user_id_3,240832,5
user_id_3,216015,1
user_id_3,12279,2
user_id_3,1645,3
user_id_3,11007,4
user_id_3,193756,5
user_id_3,11287,1
user_id_3,259693,3
user_id_3,37799,4
user_id_3,10184,2
user_id_3,4257,3
user_id_3,4234,3
user_id_3,196,4
user_id_3,257091,2
user_id_3,6114,2
user_id_3,24803,1
user_id_3,109410,1
user_id_3,1213,4
user_id_3,100042,2
user_id_3,9036,5
user_id_3,257211,1
user_id_3,323675,2
user_id_3,9361,2
user_id_3,1677,1
user_id_3,187,3
user_id_3,7461,3
user_id_3,16538,5
user_id_3,9889,1
user_id_3,820,1
user_id_3,11565,1
user_id_3,6073,1
user_id_3,16996,2
user_id_3,193610,3
user_id_3,19912,1
user_id_3,296098,3
user_id_3,8007,1
user_id_3,32823,2
user_id_3,4380,2
user_id_3,11551,2
user_id_3,10336,3
user_id_3,11362,1
user_id_3,50348,4
user_id_3,48138,1
user_id_3,1124,5
user_id_3,227159,5
user_id_3,68179,5
user_id_3,1579,5
user_id_3,708,3
user_id_3,34851,2
user_id_3,9930,4
user_id_3,1586,2
user_id_3,2044,5
user_id_3,9913,1
user_id_3,71864,2
user_id_3,10761,1
user_id_3,209451,2
user_id_3,11975,2
user_id_3,4970,1
user_id_3,11831,5
user_id_3,9096,1
user_id_3,440,2
user_id_3,11011,5
user_id_3,10641,5
user_id_3,11172,5
user_id_3,39513,5
user_id_3,82687,3
user_id_3,41446,1
user_id_3,8224,1
user_id_3,10537,2
user_id_3,225886,3
user_id_3,10385,4
user_id_3,55779,3
user_id_3,10154,1
user_id_3,10647,4
user_id_3,11431,1
user_id_3,8457,5
user_id_3,188161,3
user_id_3,8850,1
user_id_3,64685,5
user_id_3,38357,1
user_id_3,10060,2
user_id_3,11398,3
user_id_3,1833,3
user_id_3,10391,3
user_id_3,8970,3
user_id_3,9306,1
user_id_3,11370,5
user_id_3,12184,2
user_id_3,1921,4
user_id_3,1683,1
user_id_3,203,5
user_id_3,11858,1
user_id_3,62835,2
user_id_3,18937,4
user_id_3,13536,3
user_id_3,15556,1
user_id_3,10718,5
user_id_3,11062,2
user_id_3,10802,5
user_id_3,1887,4
user_id_3,6071,4
user_id_3,10461,3
user_id_3,80278,3
user_id_3,12704,4
user_id_3,10315,3
user_id_3,16643,5
user_id_3,2687,1
user_id_3,194,2
user_id_3,11025,1
user_id_3,8849,1
user_id_3,78698,2
user_id_3,30943,3
user_id_3,9544,1
user_id_3,24418,2
user_id_3,7288,3
user_id_3,14655,5
user_id_3,24575,3
user_id_3,10366,2
user_id_3,19898,2
user_id_3,4965,2
user_id_3,15074,1
user_id_3,56715,3
user_id_3,1272,5
user_id_3,72358,2
user_id_3,20542,2
user_id_3,266396,1
user_id_3,9978,1
user_id_3,8271,1
user_id_3,10428,1
user_id_3,5353,4
user_id_3,11934,5
user_id_3,14392,3
user_id_3,19495,1
user_id_3,110415,3
user_id_3,77459,1
user_id_3,26486,1
user_id_3,9495,1
user_id_3,256040,3
user_id_3,24420,4
user_id_3,1257,2
user_id_3,62214,1
user_id_3,16320,5
user_id_3,8842,4
user_id_3,9531,3
user_id_3,64807,1
user_id_3,12289,2
user_id_3,11529,3
user_id_3,20943,5
user_id_3,9099,4
user_id_3,9488,4
user_id_3,193,3
user_id_3,44865,3
user_id_3,55787,2
user_id_3,257932,4
user_id_3,10400,5
user_id_3,1957,5
user_id_3,10833,5
user_id_3,256961,4
user_id_3,5852,3
user_id_3,12312,4
user_id_3,622,1
user_id_3,11306,2
user_id_3,12508,5
user_id_3,25793,3
user_id_3,10534,1
user_id_3,1091,3
user_id_3,87421,3
user_id_3,10871,5
user_id_3,13503,1
user_id_3,13600,1
user_id_3,68722,5
user_id_3,14324,3
user_id_3,14325,1
user_id_3,299687,4
user_id_3,312221,3
user_id_3,23168,1
user_id_3,76494,3
user_id_3,4944,2
user_id_3,10488,1
user_id_3,96721,2
user_id_3,334,3
user_id_3,23742,2
user_id_3,259694,2
user_id_3,62837,3
user_id_3,8966,2
user_id_3,8470,4
user_id_3,11001,5
user_id_3,138832,4
user_id_3,16911,2
user_id_3,2163,3
user_id_3,36670,5
user_id_3,23048,4
user_id_3,227735,5
user_id_3,2155,5
user_id_3,8409,4
user_id_3,222936,3
user_id_3,31908,3
user_id_3,10219,4
user_id_3,48171,4
user_id_3,782,4
user_id_3,75531,5
user_id_3,11802,1
user_id_3,9776,2
user_id_3,18785,2
user_id_3,365222,4
user_id_3,817,1
user_id_3,268,1
user_id_3,45054,5
user_id_3,943,4
user_id_3,22881,3
user_id_3,10054,5
user_id_3,51540,3
user_id_3,44264,5
user_id_3,350,1
user_id_3,152,4
user_id_3,109431,2
user_id_3,1598,4
user_id_3,8065,3
user_id_3,271718,5
user_id_3,11638,1
user_id_3,409,4
user_id_3,2118,4
user_id_3,11459,3
user_id_3,10806,1
user_id_3,9348,2
user_id_3,377,1
user_id_3,8843,5
user_id_3,9313,1
user_id_3,39486,5
user_id_3,1273,1
user_id_3,13920,4
user_id_3,50544,5
user_id_3,325133,1
user_id_3,140823,2
user_id_3,1883,1
user_id_3,89492,2
user_id_3,22949,3
user_id_3,12437,1
user_id_3,2959,3
user_id_3,9957,3
user_id_3,11648,2
user_id_3,9366,4
user_id_3,1576,2
user_id_3,609,5
user_id_3,5516,4
user_id_3,13051,2
user_id_3,49530,4
user_id_3,34806,5
user_id_3,49022,4
user_id_3,11469,5
user_id_3,23479,4
user_id_3,11667,1
user_id_3,423,3
user_id_3,2447,2
user_id_3,10066,4
user_id_3,2288,3
user_id_3,88794,4
user_id_3,13515,1
user_id_3,11979,2
user_id_3,169,4
user_id_3,8090,1
user_id_3,11622,2
user_id_3,3604,1
user_id_3,9541,3
user_id_3,94348,2
user_id_3,8197,1
user_id_3,336004,2
user_id_3,35019,5
user_id_3,10410,3
user_id_3,8836,1
user_id_3,14442,5
user_id_3,321741,4
user_id_3,59965,2
user_id_3,14175,2
user_id_3,11004,1
user_id_3,11918,1
user_id_3,98357,4
user_id_3,10012,5
user_id_3,49526,5
user_id_3,268920,1
user_id_3,9093,4
user_id_3,119283,4
user_id_3,11823,1
user_id_3,35169,1
user_id_3,118957,2
user_id_3,849,1
user_id_3,4515,2
user_id_3,18886,4
user_id_3,6575,2
user_id_3,6440,1
user_id_4,13496,4
user_id_4,18320,3
user_id_4,22787,2
user_id_4,8967,3
user_id_4,37498,1
user_id_4,144336,2
user_id_4,9616,1
user_id_4,13056,4
user_id_4,14113,5
user_id_4,285783,1
user_id_4,49478,3
user_id_4,9726,2
user_id_4,20763,4
user_id_4,9702,1
user_id_4,9311,1
user_id_4,9280,4
user_id_4,26843,2
user_id_4,11876,1
user_id_4,22267,4
user_id_4,45958,5
user_id_4,1969,4
user_id_4,310706,5
user_id_4,198663,1
user_id_4,239573,3
user_id_4,10436,4
user_id_4,1381,4
user_id_4,2162,5
user_id_4,127493,2
user_id_4,12429,4
user_id_4,228205,5
user_id_4,2900,3
user_id_4,21311,4
user_id_4,77875,3
user_id_4,192136,1
user_id_4,18254,2
user_id_4,881,2
user_id_4,10877,5
user_id_4,9600,1
user_id_4,202575,5
user_id_4,71469,5
user_id_4,85446,5
user_id_4,326,3
user_id_4,10685,5
user_id_4,7220,5
user_id_4,9763,3
user_id_4,72387,2
user_id_4,12596,4
user_id_4,1892,3
user_id_4,13460,2
user_id_4,8055,5
user_id_4,50647,4
user_id_4,10719,3
user_id_4,9294,3
user_id_4,11888,4
user_id_4,9647,3
user_id_4,9353,4
user_id_4,55721,4
user_id_4,109414,1
user_id_4,10307,5
user_id_4,11978,1
user_id_4,22907,3
user_id_4,87567,4
user_id_4,38322,2
user_id_4,45612,2
user_id_4,7305,3
user_id_4,3594,2
user_id_4,157841,4
user_id_4,11519,2
user_id_4,12920,3
user_id_4,59,2
user_id_4,9335,5
user_id_4,12106,4
user_id_4,11141,4
user_id_4,8649,3
user_id_4,31867,5
user_id_4,10253,3
user_id_4,3587,4
user_id_4,124459,1
user_id_4,24662,4
user_id_4,32274,3
user_id_4,182,5
user_id_4,5494,4
user_id_4,28,4
user_id_4,38073,4
user_id_4,2054,2
user_id_4,302156,2
user_id_4,606,3
user_id_4,87502,1
user_id_4,698,4
user_id_4,120467,4
user_id_4,11313,3
user_id_4,6488,1
user_id_4,10559,4
user_id_4,296099,1
user_id_4,8012,2
user_id_4,1574,3
user_id_4,9032,2
user_id_4,2770,4
user_id_4,862,4
user_id_4,1637,4
user_id_4,72570,5
user_id_4,27569,1
user_id_4,10637,5
user_id_4,1669,1
user_id_4,132363,5
user_id_4,9472,4
user_id_4,2907,3
user_id_4,9273,1
user_id_4,9880,4
user_id_4,2925,3
user_id_4,807,1
user_id_4,17654,1
user_id_4,11836,5
user_id_4,322,5
user_id_4,70,3
user_id_4,9535,4
user_id_4,11036,4
user_id_4,6557,4
user_id_4,18126,5
user_id_4,16340,2
user_id_4,10333,2
user_id_4,4476,1
user_id_4,22947,2
user_id_4,2755,2
user_id_4,82654,1
user_id_4,59967,1
user_id_4,16300,2
user_id_4,9598,1
user_id_4,82696,3
user_id_4,9870,1
user_id_4,8292,4
user_id_4,8780,1
user_id_4,9715,1
user_id_4,10521,3
user_id_4,10762,3
user_id_4,10096,4
user_id_4,59436,4
user_id_4,227783,3
user_id_4,4133,3
user_id_4,10207,4
user_id_4,172,3
user_id_4,21972,4
user_id_4,36593,1
user_id_4,707,3
user_id_4,533,4
user_id_4,6023,3
user_id_4,6439,2
user_id_4,4347,5
user_id_4,37056,3
user_id_4,4105,4
user_id_4,76489,5
user_id_4,3933,4
user_id_4,9918,4
user_id_4,273481,2
user_id_4,307081,5
user_id_4,16871,4
user_id_4,293863,4
user_id_4,13156,5
user_id_4,41233,4
user_id_4,9266,1
user_id_4,1262,1
user_id_4,4513,1
user_id_4,22970,5
user_id_4,7278,2
user_id_4,9013,1
user_id_4,865,3
user_id_4,10776,5
user_id_4,50456,2
user_id_4,9823,4
user_id_4,59861,5
user_id_4,133805,2
user_id_4,12763,5
user_id_4,9766,2
user_id_4,14034,5
user_id_4,12244,4
user_id_4,109421,1
user_id_4,11137,4
user_id_4,51162,1
user_id_4,10152,3
user_id_4,9452,1
user_id_4,239566,3
user_id_4,53113,4
user_id_4,9271,1
user_id_4,4474,5
user_id_4,184346,4
user_id_4,48340,4
user_id_4,14846,3
user_id_4,72207,4
user_id_4,16232,1
user_id_4,43539,1
user_id_4,9920,3
user_id_4,8978,2
user_id_4,11702,3
user_id_4,18550,3
user_id_4,8869,3
user_id_4,43347,1
user_id_4,3489,4
user_id_4,9701,4
user_id_4,2122,2
user_id_4,37707,1
user_id_4,10658,4
user_id_4,13150,1
user_id_4,9042,2
user_id_4,17813,4
user_id_4,11208,5
user_id_4,58151,5
user_id_4,11400,2
user_id_4,10350,4
user_id_4,28902,4
user_id_4,14164,2
user_id_4,76640,2
user_id_4,11058,2
user_id_4,14844,5
user_id_4,57089,5
user_id_4,1947,1
user_id_4,8054,5
user_id_4,46829,1
user_id_4,146238,1
user_id_4,9989,2
user_id_4,9665,5
user_id_4,311,4
user_id_4,102362,2
user_id_4,11162,3
user_id_4,6016,2
user_id_4,17186,4
user_id_4,13967,4
user_id_4,2008,1
user_id_4,9053,5
user_id_4,4512,3
user_id_4,76349,1
user_id_4,31203,4
user_id_4,265208,2
user_id_4,45610,1
user_id_4,50135,2
user_id_4,1874,5
user_id_4,271331,3
user_id_4,215211,1
user_id_4,367961,4
user_id_4,10955,4
user_id_4,223702,2
user_id_4,254470,2
user_id_4,69,3
user_id_4,4967,5
user_id_4,9449,3
user_id_4,11499,2
user_id_4,4912,5
user_id_4,12771,1
user_id_4,323676,3
user_id_4,12506,2
user_id_4,24071,3
user_id_4,11249,1
user_id_4,9667,3
user_id_4,812,2
user_id_4,277216,3
user_id_4,87,4
user_id_4,14444,2
user_id_4,2043,4
user_id_4,315664,5
user_id_4,1428,1
user_id_4,562,4
user_id_4,15373,1
user_id_4,318846,5
user_id_4,26320,3
user_id_4,14292,1
user_id_4,924,5
user_id_4,2018,1
user_id_4,192577,1
user_id_4,9428,5
user_id_4,2832,1
user_id_4,137093,3
user_id_4,699,2
user_id_4,9778,2
user_id_4,8831,1
user_id_4,9398,5
user_id_4,112949,1
user_id_4,10439,5
user_id_4,3638,3
user_id_4,23483,5
user_id_4,62206,5
user_id_4,10577,1
user_id_4,218778,4
user_id_4,4348,1
user_id_4,78,5
user_id_4,11780,3
user_id_4,192102,3
user_id_4,2001,4
user_id_4,10383,4
user_id_4,11516,1
user_id_4,10025,5
user_id_4,15198,1
user_id_4,23172,4
user_id_4,17834,3
user_id_4,10016,1
user_id_4,10317,4
user_id_4,58431,5
user_id_4,9746,4
user_id_4,13092,4
user_id_4,59859,2
user_id_4,13495,1
user_id_4,254473,1
user_id_4,700,1
user_id_4,4964,3
user_id_4,10024,4
user_id_4,13490,2
user_id_4,15927,1
user_id_4,1259,1
user_id_4,5125,5
user_id_4,174,4
user_id_4,9583,1
user_id_4,9437,2
user_id_4,525,1
user_id_4,10188,5
user_id_4,63574,5
user_id_4,245,4
user_id_4,9825,4
user_id_4,186,5
user_id_4,9549,3
user_id_4,61891,2
user_id_4,34584,5
user_id_4,2666,1
user_id_4,12783,5
user_id_4,13155,5
user_id_4,42807,3
user_id_4,28355,1
user_id_4,8080,1
user_id_4,5126,4
user_id_4,56288,2
user_id_4,303858,3
user_id_4,1613,5
user_id_4,31582,5
user_id_4,16617,3
user_id_4,8944,4
user_id_4,41488,4
user_id_4,37028,4
user_id_4,14560,1
user_id_4,10330,3
user_id_4,6957,2
user_id_4,1934,2
user_id_4,169917,1
user_id_4,951,4
user_id_4,10189,4
user_id_4,9454,3
user_id_4,2055,1
user_id_4,1551,1
user_id_4,5902,1
user_id_4,11460,3
user_id_4,9358,4
user_id_4,134,3
user_id_4,22894,4
user_id_4,134374,1
user_id_4,1901,1
user_id_4,15028,1
user_id_4,11509,1
user_id_4,7445,5
user_id_4,17047,5
user_id_4,62838,5
user_id_4,2057,4
user_id_4,70436,2
user_id_4,16784,4
user_id_4,8011,4
user_id_4,31640,3
user_id_4,9092,3
user_id_4,2779,2
user_id_4,316002,1
user_id_4,36355,4
user_id_4,238615,5
user_id_4,1985,5
user_id_4,615,1
user_id_4,788,4
user_id_4,380,4
user_id_4,13223,4
user_id_4,10523,4
user_id_4,8681,5
user_id_4,239571,4
user_id_4,619,3
user_id_4,424,2
user_id_4,50014,1
user_id_4,162903,2
user_id_4,11024,3
user_id_4,208763,4
user_id_4,6466,1
user_id_4,254024,4
user_id_4,12589,5
user_id_4,7191,2
user_id_4,1497,1
user_id_4,117,5
user_id_4,6977,2
user_id_4,168530,3
user_id_4,634,3
user_id_4,392,1
user_id_4,10327,5
user_id_4,88042,5
user_id_4,41630,5
user_id_4,11969,2
user_id_4,2085,5
user_id_4,794,4
user_id_4,9286,2
user_id_4,77877,3
user_id_4,1265,5
user_id_4,866,5
user_id_4,175555,5
user_id_4,75174,3
user_id_4,11096,1
user_id_4,8699,3
user_id_4,769,4
user_id_4,10923,1
user_id_4,11283,5
user_id_4,111,2
user_id_4,11676,3
user_id_4,746,2
user_id_4,77866,1
user_id_4,9416,5
user_id_4,7345,3
user_id_4,14317,4
user_id_4,20694,5
user_id_4,12277,3
user_id_4,9779,3
user_id_4,2140,5
user_id_4,12620,2
user_id_4,14177,1
user_id_4,198185,3
user_id_4,227156,3
user_id_4,10735,4
user_id_4,11351,1
user_id_4,10030,3
user_id_4,10623,5
user_id_4,590,4
user_id_4,9655,2
user_id_4,1268,4
user_id_4,11237,5
user_id_4,190955,3
user_id_4,5123,3
user_id_4,4518,4
user_id_4,11932,4
user_id_4,11165,3
user_id_4,6116,5
user_id_4,57431,5
user_id_4,21724,5
user_id_4,278,5
user_id_4,9290,4
user_id_4,11543,3
user_id_4,284536,3
user_id_4,152737,5
user_id_4,13374,3
user_id_4,8976,3
user_id_4,319888,1
user_id_4,9469,2
user_id_4,1909,4
user_id_4,22971,5
user_id_4,34813,2
user_id_4,46261,5
user_id_4,10431,5
user_id_4,8051,4
user_id_4,9352,1
user_id_4,10167,5
user_id_4,18147,4
user_id_4,17170,3
user_id_4,18975,4
user_id_4,15487,4
user_id_4,22825,5
user_id_4,11152,4
user_id_4,1831,4
user_id_4,43931,5
user_id_4,10591,5
user_id_4,10861,2
user_id_4,12770,4
user_id_4,276907,1
user_id_4,10074,5
user_id_4,65055,1
user_id_4,10397,1
user_id_4,200505,4
user_id_4,11954,1
user_id_4,60309,5
user_id_4,9787,3
user_id_4,293646,5
user_id_4,6978,4
user_id_4,133698,4
user_id_4,59440,1
user_id_4,1770,2
user_id_4,10655,5
user_id_5,8988,4
user_id_5,15992,1
user_id_5,17707,4
user_id_5,77883,4
user_id_5,40001,4
user_id_5,64639,2
user_id_5,9903,4
user_id_5,21338,3
user_id_5,20766,4
user_id_5,24264,4
user_id_5,19803,2
user_id_5,20309,3
user_id_5,9912,4
user_id_5,9067,3
user_id_5,27360,1
user_id_5,8338,5
user_id_5,168705,2
user_id_5,72113,3
user_id_5,9729,1
user_id_5,94352,1
user_id_5,22256,4
user_id_5,12404,3
user_id_5,152742,1
user_id_5,11699,2
user_id_5,49953,1
user_id_5,48034,5
user_id_5,39845,3
user_id_5,25353,2
user_id_5,36696,4
user_id_5,109091,5
user_id_5,38543,1
user_id_5,33157,3
user_id_5,290864,3
user_id_5,242166,5
user_id_5,859,5
user_id_5,83770,5
user_id_5,168,4
user_id_5,1246,1
user_id_5,4233,2
user_id_5,174751,3
user_id_5,184098,2
user_id_5,2069,2
user_id_5,1788,3
user_id_5,11635,4
user_id_5,177,4
user_id_5,3600,4
user_id_5,2621,3
user_id_5,10358,1
user_id_5,10480,2
user_id_5,10313,1
user_id_5,18828,5
user_id_5,3558,2
user_id_5,13476,2
user_id_5,10208,2
user_id_5,24961,1
user_id_5,20697,2
user_id_5,20761,1
user_id_5,70868,2
user_id_5,43593,4
user_id_5,6478,4
user_id_5,40688,5
user_id_5,26672,1
user_id_5,45881,3
user_id_5,41283,3
user_id_5,4935,4
user_id_5,19908,3
user_id_5,10663,3
user_id_5,1891,1
user_id_5,9737,5
user_id_5,37137,4
user_id_5,9532,4
user_id_5,10316,4
user_id_5,2787,3
user_id_5,12658,1
user_id_5,152601,3
user_id_5,10866,5
user_id_5,227707,3
user_id_5,21349,3
user_id_5,19150,5
user_id_5,70435,3
user_id_5,580,4
user_id_5,9819,3
user_id_5,13579,4
user_id_5,20024,1
user_id_5,2453,1
user_id_5,6973,1
user_id_5,11156,3
user_id_5,354110,5
user_id_5,22215,3
user_id_5,11632,1
user_id_5,30596,1
user_id_5,3021,3
user_id_5,957,1
user_id_5,256917,2
user_id_5,251,3
user_id_5,544,5
user_id_5,11395,4
user_id_5,14635,1
user_id_5,13680,3
user_id_5,688,1
user_id_5,11090,3
user_id_5,783,3
user_id_5,228194,2
user_id_5,1642,3
user_id_5,10950,5
user_id_5,235260,4
user_id_5,277,1
user_id_5,8999,1
user_id_5,11323,5
user_id_5,10445,5
user_id_5,11453,4
user_id_5,146239,1
user_id_5,205588,1
user_id_5,10878,3
user_id_5,82650,3
user_id_5,10279,1
user_id_5,2294,1
user_id_5,2176,4
user_id_5,270487,2
user_id_5,19366,4
user_id_5,204082,2
user_id_5,24100,2
user_id_5,1599,3
user_id_5,5550,3
user_id_5,30379,4
user_id_5,42586,5
user_id_5,17709,3
user_id_5,287948,5
user_id_5,7548,3
user_id_5,9075,3
user_id_5,11661,2
user_id_5,109513,4
user_id_5,12085,5
user_id_5,204922,3
user_id_5,38985,4
user_id_5,44113,1
user_id_5,21494,3
user_id_5,164457,5
user_id_5,4566,4
user_id_5,17795,5
user_id_5,1073,5
user_id_5,153158,2
user_id_5,81836,1
user_id_5,10724,5
user_id_5,9473,1
user_id_5,2196,3
user_id_5,1499,2
user_id_5,20857,1
user_id_5,82693,2
user_id_5,1646,2
user_id_5,44944,4
user_id_5,4108,1
user_id_5,8456,3
user_id_5,7341,3
user_id_5,19255,1
user_id_5,10187,1
user_id_5,31005,1
user_id_5,49517,3
user_id_5,44857,3
user_id_5,50780,4
user_id_5,16363,4
user_id_5,1946,3
user_id_5,85,1
user_id_5,772,4
user_id_5,840,4
user_id_5,9682,5
user_id_5,96,2
user_id_5,10678,2
user_id_5,274,2
user_id_5,8872,1
user_id_5,16290,3
user_id_5,579,4
user_id_5,14405,3
user_id_5,138843,4
user_id_5,11637,1
user_id_5,226486,1
user_id_5,1584,4
user_id_5,9312,3
user_id_5,12153,4
user_id_5,65057,3
user_id_5,8326,5
user_id_5,35690,5
user_id_5,76203,3
user_id_5,13497,1
user_id_5,35688,1
user_id_5,162,1
user_id_5,296096,3
user_id_5,103370,1
user_id_5,1051,4
user_id_5,376659,1
user_id_5,10073,4
user_id_5,16690,3
user_id_5,273895,2
user_id_5,14873,5
user_id_5,8968,3
user_id_5,9963,3
user_id_5,15655,1
user_id_5,21208,3
user_id_5,272878,3
user_id_5,9760,4
user_id_5,314365,1
user_id_5,13279,2
user_id_5,1975,3
user_id_5,33644,1
user_id_5,1649,1
user_id_5,9895,2
user_id_5,9570,4
user_id_5,27579,3
user_id_5,16052,4
user_id_5,40264,2
user_id_5,1164,4
user_id_5,239678,5
user_id_5,14359,1
user_id_5,3989,5
user_id_5,76617,2
user_id_5,1710,5
user_id_5,4258,5
user_id_5,20391,5
user_id_5,10139,3
user_id_5,335778,5
user_id_5,9645,2
user_id_5,55465,1
user_id_5,617,4
user_id_5,19904,1
user_id_5,48289,3
user_id_5,243,5
user_id_5,6933,2
user_id_5,17182,4
user_id_5,8848,4
user_id_5,38,5
user_id_5,38303,2
user_id_5,1266,4
user_id_5,107985,5
user_id_5,14043,1
user_id_5,19901,4
user_id_5,34016,4
user_id_5,59860,1
user_id_5,10069,3
user_id_5,9588,2
user_id_5,12819,5
user_id_5,9954,1
user_id_5,10115,4
user_id_5,25132,4
user_id_5,577,5
user_id_5,328387,2
user_id_5,12690,4
user_id_5,9945,5
user_id_5,539,2
user_id_5,13596,2
user_id_5,226857,3
user_id_5,13159,5
user_id_5,47941,1
user_id_5,526,4
user_id_5,22796,5
user_id_5,2355,3
user_id_5,5915,4
user_id_5,9842,4
user_id_5,61012,2
user_id_5,755,2
user_id_5,13682,3
user_id_5,9089,3
user_id_5,9470,3
user_id_5,18357,3
user_id_5,7979,3
user_id_5,470,2
user_id_5,15644,4
user_id_5,9582,4
user_id_5,10642,2
user_id_5,22074,2
user_id_5,2428,1
user_id_5,290751,4
user_id_5,13805,5
user_id_5,4597,1
user_id_5,9414,2
user_id_5,63492,4
user_id_5,81796,2
user_id_5,10710,3
user_id_5,15092,4
user_id_5,11382,4
user_id_5,15005,1
user_id_5,8198,3
user_id_5,6963,2
user_id_5,15070,5
user_id_5,12797,5
user_id_5,17134,4
user_id_5,41402,5
user_id_5,18885,1
user_id_5,4953,3
user_id_5,10773,4
user_id_5,146198,5
user_id_5,2639,1
user_id_5,10563,1
user_id_5,295964,1
user_id_5,5971,4
user_id_5,9716,5
user_id_5,11835,1
user_id_5,26171,3
user_id_5,31117,3
user_id_5,9074,3
user_id_5,14396,2
user_id_5,15673,5
user_id_5,42618,5
user_id_5,171274,5
user_id_5,24432,5
user_id_5,109417,1
user_id_5,13948,2
user_id_5,106747,3
user_id_5,10929,1
user_id_5,14220,4
user_id_5,46435,4
user_id_5,256962,4
user_id_5,48231,4
user_id_5,3509,3
user_id_5,82684,5
user_id_5,12142,5
user_id_5,23367,1
user_id_5,10740,3
user_id_5,241239,2
user_id_5,14582,3
user_id_5,14914,4
user_id_5,3902,4
user_id_5,77948,4
user_id_5,21755,3
user_id_5,4960,1
user_id_5,128,1
user_id_5,14652,4
user_id_5,40932,4
user_id_5,16608,4
user_id_5,334531,2
user_id_5,32316,2
user_id_5,7299,2
user_id_5,13405,2
user_id_5,19457,4
user_id_5,112937,4
user_id_5,314385,3
user_id_5,8953,5
user_id_5,29078,2
user_id_5,46503,5
user_id_5,10448,2
user_id_5,13688,5
user_id_5,10353,1
user_id_5,43935,2
user_id_5,11458,3
user_id_5,44638,1
user_id_5,241257,3
user_id_5,14538,4
user_id_5,13250,1
user_id_5,133931,2
user_id_5,280871,5
user_id_5,239897,2
user_id_5,184341,2
user_id_5,334074,2
user_id_5,199373,2
user_id_5,14202,4
user_id_5,6968,5
user_id_5,581,4
user_id_5,52449,5
user_id_5,12150,5
user_id_5,11247,2
user_id_5,4232,2
user_id_5,9378,4
user_id_5,694,2
user_id_5,105,5
user_id_5,11377,4
user_id_5,26367,3
user_id_5,385383,3
user_id_5,41210,2
user_id_5,12090,3
user_id_5,62630,3
user_id_5,16110,1
user_id_5,29427,1
user_id_5,129,3
user_id_5,244114,2
user_id_5,2669,5
user_id_5,203833,4
user_id_5,13523,4
user_id_5,25195,4
user_id_5,17277,1
user_id_5,50725,1
user_id_5,82631,2
user_id_5,73191,5
user_id_5,22479,5
user_id_5,340611,2
user_id_5,10065,1
user_id_5,2757,2
user_id_5,11683,5
user_id_5,244339,4
user_id_5,1878,4
user_id_5,23082,5
user_id_5,195589,3
user_id_5,854,4
user_id_5,2280,2
user_id_5,496,2
user_id_5,8835,4
user_id_5,157,3
user_id_5,8643,2
user_id_5,10402,2
user_id_5,218043,5
user_id_5,9043,5
user_id_5,21301,5
user_id_5,10147,5
user_id_5,816,1
user_id_5,302688,2
user_id_5,60307,1
user_id_5,106,4
user_id_5,279,2
user_id_5,8617,5
user_id_5,10625,2
user_id_5,10934,3
user_id_5,5279,4
user_id_5,10013,5
user_id_5,194662,3
user_id_5,160588,3
user_id_5,9829,2
user_id_5,10028,4
user_id_5,10535,1
user_id_5,790,2
user_id_5,43959,5
user_id_5,10364,4
user_id_5,16991,4
user_id_5,9610,3
user_id_5,1578,4
user_id_5,25643,2
user_id_5,11904,5
user_id_5,28665,1
user_id_5,44115,1
user_id_5,10569,1
user_id_5,10560,1
user_id_5,333348,4
user_id_5,20483,2
user_id_5,11457,3
user_id_5,321697,2
user_id_5,19840,1
user_id_5,22327,4
user_id_5,38665,5
user_id_5,2575,3
user_id_5,11644,5
user_id_5,146227,5
user_id_5,68924,3
user_id_5,253235,4
user_id_5,22102,2
user_id_5,18701,2
user_id_5,10068,1
user_id_5,848,1
user_id_5,36811,1
user_id_5,522,5
user_id_5,130150,5
user_id_5,12246,3
user_id_5,13809,2
user_id_5,27380,4
user_id_5,10549,4
user_id_5,33870,2
user_id_5,245703,5
user_id_5,10739,3
user_id_5,127560,1
user_id_5,37903,5
user_id_5,396152,2
user_id_5,10017,3
user_id_5,11468,3
user_id_5,193613,5
user_id_5,17436,3
user_id_5,43434,4
user_id_5,31166,5
user_id_5,69848,2
user_id_5,8408,2
user_id_5,332411,3
user_id_5,9389,1
user_id_5,9626,1
user_id_5,75638,1
user_id_5,8363,1
user_id_5,15670,3
user_id_5,290555,1
user_id_5,8328,4
user_id_5,10982,5
user_id_5,205,2
user_id_5,1620,1
user_id_5,175541,2
user_id_5,241254,4
user_id_5,31932,3
user_id_5,1933,2
user_id_6,679,4
user_id_6,11113,2
user_id_6,3597,2
user_id_6,193893,1
user_id_6,9675,2
user_id_6,9988,5
user_id_6,948,5
user_id_6,21765,3
user_id_6,146304,3
user_id_6,7516,3
user_id_6,41439,4
user_id_6,2752,3
user_id_6,9429,2
user_id_6,38117,5
user_id_6,9792,5
user_id_6,13778,3
user_id_6,228203,4
user_id_6,41382,5
user_id_6,13960,1
user_id_6,114150,3
user_id_6,26602,4
user_id_6,10223,3
user_id_6,16028,5
user_id_6,15639,2
user_id_6,16112,3
user_id_6,26390,1
user_id_6,27759,5
user_id_6,109428,1
user_id_6,23049,2
user_id_6,9310,4
user_id_6,11411,1
user_id_6,16988,5
user_id_6,7304,1
user_id_6,24747,3
user_id_6,58048,1
user_id_6,1491,5
user_id_6,2989,1
user_id_6,10629,5
user_id_6,255343,3
user_id_6,4723,3
user_id_6,10800,4
user_id_6,25763,5
user_id_6,79694,5
user_id_6,4032,3
user_id_6,18615,5
user_id_6,10673,4
user_id_6,4584,4
user_id_6,2977,2
user_id_6,10760,4
user_id_6,11093,1
user_id_6,207,3
user_id_6,8467,5
user_id_6,639,2
user_id_6,24226,1
user_id_6,9285,1
user_id_6,14709,4
user_id_6,74643,5
user_id_6,13788,1
user_id_6,83666,3
user_id_6,10781,5
user_id_6,318850,1
user_id_6,13908,5
user_id_6,1417,3
user_id_6,39180,1
user_id_6,16161,5
user_id_6,49950,4
user_id_6,10956,4
user_id_6,9594,2
user_id_6,4638,3
user_id_6,13972,5
user_id_6,5038,2
user_id_6,13491,1
user_id_6,10571,1
user_id_6,10994,5
user_id_6,19994,1
user_id_6,25166,1
user_id_6,30890,4
user_id_6,23169,1
user_id_6,17403,5
user_id_6,12120,5
user_id_6,9800,1
user_id_6,1090,5
user_id_6,18475,4
user_id_6,40160,2
user_id_6,18074,3
user_id_6,9689,1
user_id_6,9781,3
user_id_6,8009,4
user_id_6,3877,1
user_id_6,8854,1
user_id_6,152599,2
user_id_6,18840,2
user_id_6,68727,5
user_id_6,12657,4
user_id_6,8265,4
user_id_6,12410,4
user_id_6,34647,1
user_id_6,73935,1
user_id_6,28178,5
user_id_6,185567,3
user_id_6,264656,1
user_id_6,35696,4
user_id_6,16351,5
user_id_6,38717,2
user_id_6,18777,1
user_id_6,2110,2
user_id_6,9035,3
user_id_6,90,1
user_id_6,771,4
user_id_6,12154,1
user_id_6,9576,1
user_id_6,744,4
user_id_6,146,4
user_id_6,14,3
user_id_6,45269,3
user_id_6,9493,3
user_id_6,22556,4
user_id_6,873,2
user_id_6,33196,1
user_id_6,205596,4
user_id_6,10765,5
user_id_6,16769,1
user_id_6,33217,2
user_id_6,132232,5
user_id_6,11153,4
user_id_6,208134,3
user_id_6,1165,5
user_id_6,4011,1
user_id_6,17202,1
user_id_6,9587,4
user_id_6,65086,2
user_id_6,10053,3
user_id_6,11870,4
user_id_6,11778,3
user_id_6,586,3
user_id_6,18736,1
user_id_6,134411,1
user_id_6,287903,2
user_id_6,9276,5
user_id_6,15765,2
user_id_6,2142,4
user_id_6,11397,3
user_id_6,77016,5
user_id_6,11478,3
user_id_6,266856,3
user_id_6,13411,5
user_id_6,10564,4
user_id_6,947,1
user_id_6,24150,1
user_id_6,228970,3
user_id_6,18405,3
user_id_6,6961,5
user_id_6,11442,1
user_id_6,2493,1
user_id_6,14047,4
user_id_6,64690,2
user_id_6,11132,5
user_id_6,17127,5
user_id_6,1562,3
user_id_6,232679,4
user_id_6,17880,3
user_id_6,14736,5
user_id_6,9434,2
user_id_6,23706,4
user_id_6,11531,2
user_id_6,9100,2
user_id_6,116,5
user_id_6,38843,3
user_id_6,1245,2
user_id_6,4995,4
user_id_6,10413,1
user_id_6,14012,2
user_id_6,9793,1
user_id_6,12212,3
user_id_6,13768,4
user_id_6,8975,1
user_id_6,342521,3
user_id_6,45272,1
user_id_6,9424,2
user_id_6,97367,4
user_id_6,254904,3
user_id_6,18681,1
user_id_6,12162,2
user_id_6,11495,3
user_id_6,64689,4
user_id_6,157849,4
user_id_6,13166,3
user_id_6,15511,3
user_id_6,37003,3
user_id_6,12211,5
user_id_6,13816,1
user_id_6,51828,5
user_id_6,22798,2
user_id_6,7501,3
user_id_6,10743,1
user_id_6,37718,2
user_id_6,15237,5
user_id_6,9686,4
user_id_6,17644,4
user_id_6,97430,1
user_id_6,12257,5
user_id_6,13539,3
user_id_6,68,5
user_id_6,14024,3
user_id_6,115,3
user_id_6,7874,4
user_id_6,4911,2
user_id_6,1988,5
user_id_6,16222,2
user_id_6,9557,3
user_id_6,9026,1
user_id_6,57943,5
user_id_6,18276,3
user_id_6,8321,3
user_id_6,72359,5
user_id_6,10186,5
user_id_6,25704,5
user_id_6,133694,3
user_id_6,19265,2
user_id_6,36047,5
user_id_6,8053,1
user_id_6,2290,3
user_id_6,5236,5
user_id_6,6552,2
user_id_6,1018,1
user_id_6,10075,4
user_id_6,38031,5
user_id_6,42188,2
user_id_6,112430,5
user_id_6,6687,1
user_id_6,13853,5
user_id_6,31306,3
user_id_6,8461,1
user_id_6,331592,5
user_id_6,47692,2
user_id_6,19,4
user_id_6,10045,3
user_id_6,400,1
user_id_6,253450,2
user_id_6,9104,5
user_id_6,11190,4
user_id_6,16353,1
user_id_6,23759,4
user_id_6,24206,4
user_id_6,10185,5
user_id_6,75033,3
user_id_6,74536,3
user_id_6,31668,2
user_id_6,13501,5
user_id_6,15208,3
user_id_6,172391,2
user_id_6,262543,5
user_id_6,9288,3
user_id_6,370980,1
user_id_6,20083,1
user_id_6,40880,1
user_id_6,137,5
user_id_6,264999,5
user_id_6,454,3
user_id_6,53457,2
user_id_6,288980,2
user_id_6,33,2
user_id_6,1951,5
user_id_6,12405,3
user_id_6,10998,1
user_id_6,114,1
user_id_6,9396,1
user_id_6,319910,5
user_id_6,2604,5
user_id_6,864,2
user_id_6,14435,3
user_id_6,1931,3
user_id_6,691,2
user_id_6,9877,4
user_id_6,62008,4
user_id_6,12227,5
user_id_6,13824,1
user_id_6,71688,2
user_id_6,15173,2
user_id_6,8291,2
user_id_6,13950,4
user_id_6,12158,2
user_id_6,11586,2
user_id_6,10008,1
user_id_6,2830,5
user_id_6,12403,4
user_id_6,34563,2
user_id_6,14557,3
user_id_6,10368,2
user_id_6,10280,5
user_id_6,12637,4
user_id_6,34152,3
user_id_6,14434,5
user_id_6,11470,5
user_id_6,10741,4
user_id_6,24940,1
user_id_6,82679,4
user_id_6,2013,2
user_id_6,1440,5
user_id_6,18041,3
user_id_6,28029,5
user_id_6,1123,2
user_id_6,14033,5
user_id_6,87729,4
user_id_6,16899,1
user_id_6,41317,5
user_id_6,245700,5
user_id_6,37842,2
user_id_6,9045,4
user_id_6,44092,1
user_id_6,16005,3
user_id_6,44754,2
user_id_6,23988,2
user_id_6,43949,2
user_id_6,142,1
user_id_6,9603,2
user_id_6,10712,1
user_id_6,243938,1
user_id_6,10876,2
user_id_6,86838,1
user_id_6,25208,1
user_id_6,613,1
user_id_6,1913,4
user_id_6,97370,4
user_id_6,801,4
user_id_6,70829,2
user_id_6,54518,3
user_id_6,44214,1
user_id_6,240,5
user_id_6,9816,2
user_id_6,10131,2
user_id_6,339984,5
user_id_6,8859,1
user_id_6,11967,4
user_id_6,239563,5
user_id_6,222899,1
user_id_6,4951,5
user_id_6,10985,2
user_id_6,9644,3
user_id_6,332567,5
user_id_6,1954,3
user_id_6,15489,3
user_id_6,15250,1
user_id_6,22345,1
user_id_6,9448,2
user_id_6,38223,5
user_id_6,11186,4
user_id_6,136835,4
user_id_6,5876,1
user_id_6,264660,1
user_id_6,492,4
user_id_6,25462,4
user_id_6,238603,4
user_id_6,10691,2
user_id_6,1251,5
user_id_6,5172,3
user_id_6,58680,3
user_id_6,264644,2
user_id_6,14577,1
user_id_6,11592,1
user_id_6,16406,3
user_id_6,19052,1
user_id_6,3682,4
user_id_6,9683,4
user_id_6,2084,3
user_id_6,107811,5
user_id_6,2266,5
user_id_6,13074,2
user_id_6,144340,4
user_id_6,48217,5
user_id_6,28211,4
user_id_6,47502,5
user_id_6,9950,5
user_id_6,84892,4
user_id_6,24227,1
user_id_6,9672,1
user_id_6,44853,5
user_id_6,157544,4
user_id_6,59678,2
user_id_6,79777,3
user_id_6,158011,4
user_id_6,407887,4
user_id_6,17043,5
user_id_6,8952,2
user_id_6,62204,1
user_id_6,13435,1
user_id_6,17187,1
user_id_6,319,5
user_id_6,59457,4
user_id_6,9504,4
user_id_6,37414,1
user_id_6,6217,2
user_id_6,26688,1
user_id_6,43867,2
user_id_6,6615,2
user_id_6,14574,5
user_id_6,16,4
user_id_6,39780,2
user_id_6,21612,4
user_id_6,36691,2
user_id_6,23631,1
user_id_6,45324,5
user_id_6,12144,5
user_id_6,11658,3
user_id_6,56601,2
user_id_6,9552,4
user_id_6,578,5
user_id_6,2105,1
user_id_6,126319,2
user_id_6,10136,3
user_id_6,67660,3
user_id_6,10611,5
user_id_6,154,2
user_id_6,3049,3
user_id_6,860,2
user_id_6,9281,1
user_id_6,75674,2
user_id_6,9762,1
user_id_6,3179,2
user_id_6,184,1
user_id_6,13335,3
user_id_6,76726,2
user_id_6,10269,5
user_id_6,36819,2
user_id_6,17130,4
user_id_6,57214,1
user_id_6,11202,1
user_id_6,9357,4
user_id_6,13812,2
user_id_6,9030,2
user_id_6,19084,2
user_id_6,8386,1
user_id_6,10437,3
user_id_6,1360,2
user_id_6,101267,2
user_id_6,222935,1
user_id_6,10220,5
user_id_6,284296,1
user_id_6,31915,5
user_id_6,11601,2
user_id_6,205220,3
user_id_6,11354,2
user_id_6,16241,3
user_id_6,14191,4
user_id_6,286565,3
user_id_6,26710,4
user_id_6,129670,2
user_id_6,9059,3
user_id_6,34549,2
user_id_6,57157,3
user_id_6,1948,3
user_id_6,28353,4
user_id_6,46889,4
user_id_6,38093,3
user_id_6,14976,2
user_id_6,11027,5
user_id_6,3635,4
user_id_6,387,4
user_id_6,6020,3
user_id_6,122906,4
user_id_6,9550,3
user_id_6,60599,5
user_id_6,227719,3
user_id_6,14299,5
user_id_6,19419,2
user_id_6,12088,3
user_id_6,14799,1
user_id_6,9466,1
user_id_6,7510,2
user_id_6,31246,4
user_id_6,61752,2
user_id_6,10944,5
user_id_6,10362,1
user_id_6,14778,1
user_id_6,1255,4
user_id_6,45226,2
user_id_6,10212,3
user_id_6,8669,5
user_id_6,179144,4
user_id_6,16857,4
user_id_7,86825,5
user_id_7,844,3
user_id_7,8060,1
user_id_7,15907,1
user_id_7,38448,3
user_id_7,327,3
user_id_7,9260,1
user_id_7,61337,3
user_id_7,13079,5
user_id_7,89325,2
user_id_7,4170,3
user_id_7,41508,2
user_id_7,12479,4
user_id_7,44555,4
user_id_7,10133,4
user_id_7,21345,4
user_id_7,173931,4
user_id_7,61984,4
user_id_7,50601,3
user_id_7,26466,5
user_id_7,345003,1
user_id_7,236751,2
user_id_7,107,4
user_id_7,357837,2
user_id_7,8913,3
user_id_7,13889,1
user_id_7,18530,1
user_id_7,358451,3
user_id_7,927,2
user_id_7,11,5
user_id_7,291870,5
user_id_7,907,2
user_id_7,206563,4
user_id_7,11887,1
user_id_7,45317,5
user_id_7,12094,5
user_id_7,10377,5
user_id_7,249164,4
user_id_7,256092,1
user_id_7,9942,1
user_id_7,10748,2
user_id_7,1817,5
user_id_7,10229,2
user_id_7,687,1
user_id_7,796,5
user_id_7,22804,3
user_id_7,10156,4
user_id_7,12837,4
user_id_7,17708,3
user_id_7,13937,4
user_id_7,28932,3
user_id_7,31909,3
user_id_7,167073,2
user_id_7,3175,5
user_id_7,14369,2
user_id_7,16888,2
user_id_7,121826,5
user_id_7,10646,2
user_id_7,12149,2
user_id_7,304357,1
user_id_7,11184,3
user_id_7,766,5
user_id_7,20009,4
user_id_7,1587,3
user_id_7,30973,5
user_id_7,11109,3
user_id_7,9027,4
user_id_7,63020,5
user_id_7,86829,5
user_id_7,11065,4
user_id_7,13888,4
user_id_7,42345,5
user_id_7,13994,1
user_id_7,1590,3
user_id_7,62728,3
user_id_7,11917,4
user_id_7,45138,5
user_id_7,80271,2
user_id_7,4657,3
user_id_7,14395,3
user_id_7,24137,4
user_id_7,190847,1
user_id_7,11056,3
user_id_7,62,5
user_id_7,601,4
user_id_7,13067,5
user_id_7,25379,1
user_id_7,88641,3
user_id_7,58051,4
user_id_7,14877,1
user_id_7,96399,1
user_id_7,304410,2
user_id_7,489,4
user_id_7,373314,3
user_id_7,214,4
user_id_7,10890,3
user_id_7,1588,5
user_id_7,316727,2
user_id_7,10314,1
user_id_7,663,4
user_id_7,11804,2
user_id_7,16781,3
user_id_7,11873,2
user_id_7,9289,4
user_id_7,10414,2
user_id_7,1970,4
user_id_7,9614,1
user_id_7,8922,2
user_id_7,1648,5
user_id_7,17917,2
user_id_7,74534,4
user_id_7,19405,2
user_id_7,9355,3
user_id_7,10999,2
user_id_7,321258,2
user_id_7,44040,2
user_id_7,10426,5
user_id_7,280092,3
user_id_7,13938,3
user_id_7,10163,5
user_id_7,12182,5
user_id_7,1832,2
user_id_7,9034,3
user_id_7,15301,4
user_id_7,10135,1
user_id_7,26352,4
user_id_7,20616,1
user_id_7,9794,4
user_id_7,15037,4
user_id_7,227,5
user_id_7,294272,5
user_id_7,11336,3
user_id_7,283445,1
user_id_7,88036,1
user_id_7,10984,4
user_id_7,22824,1
user_id_7,9526,2
user_id_7,39349,4
user_id_7,15983,4
user_id_7,14544,1
user_id_7,11545,4
user_id_7,42684,5
user_id_7,268238,2
user_id_7,8359,1
user_id_7,15648,1
user_id_7,41823,2
user_id_7,11891,4
user_id_7,9362,2
user_id_7,9902,1
user_id_7,14729,2
user_id_7,9455,5
user_id_7,103731,1
user_id_7,10090,5
user_id_7,164558,5
user_id_7,19905,4
user_id_7,17710,1
user_id_7,75900,5
user_id_7,9515,1
user_id_7,27322,3
user_id_7,328425,1
user_id_7,14120,1
user_id_7,10050,3
user_id_7,1542,5
user_id_7,10490,3
user_id_7,87093,2
user_id_7,10029,1
user_id_7,9893,5
user_id_7,11507,4
user_id_7,37931,4
user_id_7,3472,1
user_id_7,87818,2
user_id_7,13160,5
user_id_7,88005,4
user_id_7,52067,3
user_id_7,73,3
user_id_7,134597,5
user_id_7,24034,2
user_id_7,14283,4
user_id_7,404,2
user_id_7,13201,4
user_id_7,209403,3
user_id_7,7942,4
user_id_7,73247,2
user_id_7,253331,3
user_id_7,34043,3
user_id_7,9952,1
user_id_7,256924,2
user_id_7,82532,5
user_id_7,41110,4
user_id_7,134371,4
user_id_7,2088,5
user_id_7,10388,3
user_id_7,1640,1
user_id_7,25520,1
user_id_7,27342,3
user_id_7,13689,5
user_id_7,67911,5
user_id_7,24664,4
user_id_7,329440,1
user_id_7,47890,2
user_id_7,252512,2
user_id_7,55720,3
user_id_7,9613,3
user_id_7,29076,1
user_id_7,29339,1
user_id_7,68812,3
user_id_7,32740,5
user_id_7,14195,2
user_id_7,73567,5
user_id_7,41479,3
user_id_7,15394,1
user_id_7,10071,4
user_id_7,1989,5
user_id_7,91076,3
user_id_7,12779,2
user_id_7,13191,2
user_id_7,11770,1
user_id_7,12703,1
user_id_7,64559,3
user_id_7,222649,1
user_id_7,115872,5
user_id_7,101173,1
user_id_7,25350,4
user_id_7,10034,1
user_id_7,20178,4
user_id_7,5072,1
user_id_7,18191,4
user_id_7,31007,1
user_id_7,11546,2
user_id_7,41894,5
user_id_7,184374,1
user_id_7,268171,1
user_id_7,78149,4
user_id_7,24663,4
user_id_7,39037,5
user_id_7,22805,5
user_id_7,39055,2
user_id_7,245846,2
user_id_7,25186,4
user_id_7,15017,5
user_id_7,12245,5
user_id_7,49787,1
user_id_7,16358,5
user_id_7,7006,4
user_id_7,66767,2
user_id_7,17622,2
user_id_7,283671,2
user_id_7,18516,4
user_id_7,217708,5
user_id_7,42057,1
user_id_7,17577,4
user_id_7,14608,5
user_id_7,34417,1
user_id_7,15067,4
user_id_7,78383,2
user_id_7,43090,4
user_id_7,16614,4
user_id_7,9700,2
user_id_7,10471,1
user_id_7,250066,2
user_id_7,667,3
user_id_7,208869,5
user_id_7,86837,2
user_id_7,10306,5
user_id_7,106845,2
user_id_7,11576,3
user_id_7,219,3
user_id_7,11827,3
user_id_7,22820,1
user_id_7,31174,4
user_id_7,244316,4
user_id_7,37737,1
user_id_7,62215,5
user_id_7,66125,2
user_id_7,132316,2
user_id_7,348,4
user_id_7,30497,2
user_id_7,27586,4
user_id_7,14811,3
user_id_7,660,5
user_id_7,68684,5
user_id_7,40794,1
user_id_7,9400,5
user_id_7,16162,5
user_id_7,10585,4
user_id_7,2359,3
user_id_7,238636,2
user_id_7,10472,3
user_id_7,11282,5
user_id_7,6521,2
user_id_7,14181,3
user_id_7,1621,2
user_id_7,9656,3
user_id_7,16428,1
user_id_7,10705,5
user_id_7,8272,1
user_id_7,24621,3
user_id_7,1619,2
user_id_7,9685,5
user_id_7,14425,3
user_id_7,14624,2
user_id_7,10179,1
user_id_7,15568,4
user_id_7,14057,2
user_id_7,12621,5
user_id_7,1808,5
user_id_7,293670,3
user_id_7,67675,2
user_id_7,27329,3
user_id_7,29514,1
user_id_7,250349,3
user_id_7,12454,5
user_id_7,39806,2
user_id_7,15699,2
user_id_7,8883,1
user_id_7,17926,2
user_id_7,291081,2
user_id_7,41248,2
user_id_7,25968,5
user_id_7,9671,1
user_id_7,52010,1
user_id_7,11588,2
user_id_7,43418,3
user_id_7,71157,3
user_id_7,13483,4
user_id_7,333355,5
user_id_7,327833,4
user_id_7,1547,3
user_id_7,25196,3
user_id_7,16323,2
user_id_7,175528,3
user_id_7,8069,5
user_id_7,71805,4
user_id_7,9451,5
user_id_7,16727,5
user_id_7,272693,5
user_id_7,10696,1
user_id_7,150202,1
user_id_7,19644,1
user_id_7,29963,5
user_id_7,26022,3
user_id_7,152747,1
user_id_7,62676,2
user_id_7,20360,4
user_id_7,1116,2
user_id_7,185008,3
user_id_7,11620,2
user_id_7,14353,1
user_id_7,11818,2
user_id_7,680,3
user_id_7,11176,5
user_id_7,242582,2
user_id_7,11217,4
user_id_7,15121,5
user_id_7,2619,2
user_id_7,773,1
user_id_7,235,1
user_id_7,170,5
user_id_7,14114,1
user_id_7,10734,4
user_id_7,37964,2
user_id_7,28121,3
user_id_7,40807,3
user_id_7,10885,3
user_id_7,225565,2
user_id_7,16471,2
user_id_7,385736,1
user_id_7,11971,1
user_id_7,668,4
user_id_7,11596,5
user_id_7,14429,5
user_id_7,13751,4
user_id_7,9490,3
user_id_7,14536,3
user_id_7,1359,3
user_id_7,9962,2
user_id_7,15049,2
user_id_7,22821,4
user_id_7,42819,5
user_id_7,209263,3
user_id_7,37735,4
user_id_7,59930,3
user_id_7,10873,3
user_id_7,51588,2
user_id_7,23570,4
user_id_7,19489,5
user_id_7,14629,3
user_id_7,8293,1
user_id_7,291270,2
user_id_7,44009,3
user_id_7,1958,5
user_id_7,13154,4
user_id_7,26618,4
user_id_7,43923,3
user_id_7,46138,5
user_id_7,45791,1
user_id_7,26306,1
user_id_7,110683,3
user_id_7,26963,2
user_id_7,198277,2
user_id_7,7870,2
user_id_7,13072,5
user_id_7,153397,1
user_id_7,30141,3
user_id_7,17044,1
user_id_7,10288,5
user_id_7,12183,1
user_id_7,44147,2
user_id_7,12192,1
user_id_7,36597,2
user_id_7,13197,1
user_id_7,10913,3
user_id_7,251321,5
user_id_7,149,2
user_id_7,10425,5
user_id_7,49081,4
user_id_7,256687,3
user_id_7,220488,4
user_id_7,1544,4
user_id_7,374461,2
user_id_7,302,1
user_id_7,182873,2
user_id_7,21512,1
user_id_7,389425,1
user_id_7,403,1
user_id_7,29461,5
user_id_7,33542,1
user_id_7,283708,4
user_id_7,9388,3
user_id_7,1691,1
user_id_7,24684,3
user_id_7,2610,3
user_id_7,11308,5
user_id_7,11022,3
user_id_7,34341,5
user_id_7,15365,2
user_id_7,36046,5
user_id_7,12569,3
user_id_7,24356,3
user_id_7,55903,4
user_id_7,2577,4
user_id_7,103903,3
user_id_7,73873,4
user_id_7,312113,1
user_id_7,14165,3
user_id_7,2011,4
user_id_7,45650,4
user_id_7,7735,5
user_id_7,301365,1
user_id_7,25941,5
user_id_7,29064,4
user_id_7,7326,3
user_id_7,326284,4
user_id_7,681,1
user_id_7,238,4
user_id_7,535,2
user_id_7,19913,3
user_id_7,713,4
user_id_7,77930,2
user_id_7,10727,5
user_id_7,253,4
user_id_7,17908,2
user_id_7,8390,5
user_id_7,57119,4
user_id_7,3291,1
user_id_7,398,4
user_id_7,8068,1
user_id_7,10803,2
user_id_7,682,5
user_id_7,10117,4
user_id_7,9392,5
user_id_7,24977,1
user_id_7,79316,1
user_id_7,2074,3
user_id_7,1696,2
user_id_7,308639,4
user_id_7,22314,1
user_id_7,2662,5
user_id_7,77156,5
user_id_7,12573,2
user_id_8,44718,2
user_id_8,11342,2
user_id_8,241771,5
user_id_8,34653,3
user_id_8,11051,3
user_id_8,14578,4
user_id_8,57825,5
user_id_8,9555,1
user_id_8,15581,4
user_id_8,13006,5
user_id_8,16651,5
user_id_8,4251,4
user_id_8,12400,2
user_id_8,39053,3
user_id_8,104896,1
user_id_8,14112,1
user_id_8,12271,4
user_id_8,71859,5
user_id_8,226354,3
user_id_8,48620,1
user_id_8,33676,1
user_id_8,37080,5
user_id_8,25388,1
user_id_8,11687,4
user_id_8,39210,2
user_id_8,30128,1
user_id_8,31535,1
user_id_8,44835,3
user_id_8,192134,5
user_id_8,1956,4
user_id_8,24985,4
user_id_8,306745,4
user_id_8,47088,1
user_id_8,110402,1
user_id_8,27004,3
user_id_8,15013,3
user_id_8,8374,1
user_id_8,277519,1
user_id_8,78381,1
user_id_8,164372,3
user_id_8,294512,4
user_id_8,8879,2
user_id_8,13001,4
user_id_8,9571,3
user_id_8,13649,3
user_id_8,325373,3
user_id_8,334527,1
user_id_8,2211,4
user_id_8,13919,1
user_id_8,14576,5
user_id_8,82505,5
user_id_8,46738,2
user_id_8,38970,2
user_id_8,41009,5
user_id_8,7347,1
user_id_8,250546,4
user_id_8,38415,2
user_id_8,650,3
user_id_8,16620,4
user_id_8,25113,4
user_id_8,11033,5
user_id_8,34723,5
user_id_8,9430,4
user_id_8,8998,2
user_id_8,10514,1
user_id_8,10496,5
user_id_8,1591,1
user_id_8,76025,3
user_id_8,4836,4
user_id_8,14631,1
user_id_8,87499,3
user_id_8,18923,4
user_id_8,26665,3
user_id_8,28089,4
user_id_8,62255,3
user_id_8,5708,3
user_id_8,218,5
user_id_8,338,3
user_id_8,21641,3
user_id_8,10925,3
user_id_8,2293,4
user_id_8,621,5
user_id_8,792,1
user_id_8,1777,5
user_id_8,642,1
user_id_8,433,1
user_id_8,16619,3
user_id_8,1725,3
user_id_8,11977,2
user_id_8,20322,1
user_id_8,16158,2
user_id_8,629,4
user_id_8,10160,3
user_id_8,11452,3
user_id_8,12163,2
user_id_8,32275,2
user_id_8,13785,2
user_id_8,1103,2
user_id_8,36739,3
user_id_8,14144,1
user_id_8,10622,4
user_id_8,13370,2
user_id_8,11191,5
user_id_8,10215,2
user_id_8,25066,2
user_id_8,1523,1
user_id_8,11361,1
user_id_8,92591,2
user_id_8,57612,3
user_id_8,12509,4
user_id_8,15256,3
user_id_8,83686,5
user_id_8,80304,4
user_id_8,28053,3
user_id_8,67913,3
user_id_8,13991,3
user_id_8,1443,2
user_id_8,8545,1
user_id_8,19556,1
user_id_8,231576,5
user_id_8,16172,2
user_id_8,13403,1
user_id_8,15797,5
user_id_8,347764,1
user_id_8,13537,1
user_id_8,20794,1
user_id_8,31064,4
user_id_8,576,3
user_id_8,13990,5
user_id_8,11583,4
user_id_8,18602,3
user_id_8,27549,2
user_id_8,59728,3
user_id_8,10930,2
user_id_8,32395,1
user_id_8,58882,3
user_id_8,7547,2
user_id_8,35944,5
user_id_8,42222,2
user_id_8,13827,5
user_id_8,44260,4
user_id_8,9282,1
user_id_8,38940,5
user_id_8,35689,5
user_id_8,97614,4
user_id_8,37206,2
user_id_8,58626,3
user_id_8,183894,3
user_id_8,837,5
user_id_8,1555,2
user_id_8,244783,5
user_id_8,16564,4
user_id_8,168027,2
user_id_8,3482,2
user_id_8,135595,3
user_id_8,8982,1
user_id_8,89861,4
user_id_8,455,5
user_id_8,57022,2
user_id_8,14351,3
user_id_8,147767,2
user_id_8,10664,3
user_id_8,55567,5
user_id_8,9277,1
user_id_8,9443,2
user_id_8,16186,2
user_id_8,7863,5
user_id_8,138697,2
user_id_8,11901,4
user_id_8,1548,3
user_id_8,11889,4
user_id_8,33155,5
user_id_8,5528,4
user_id_8,321,2
user_id_8,4997,2
user_id_8,925,5
user_id_8,27451,3
user_id_8,73532,2
user_id_8,979,5
user_id_8,193722,5
user_id_8,7913,4
user_id_8,253253,5
user_id_8,51995,5
user_id_8,13173,4
user_id_8,22908,3
user_id_8,70670,4
user_id_8,84204,4
user_id_8,25248,1
user_id_8,230266,3
user_id_8,16633,5
user_id_8,63006,5
user_id_8,91586,3
user_id_8,215,2
user_id_8,333371,4
user_id_8,9012,2
user_id_8,345911,3
user_id_8,72571,1
user_id_8,242512,3
user_id_8,10072,3
user_id_8,211954,2
user_id_8,82990,5
user_id_8,29912,1
user_id_8,11843,5
user_id_8,11284,1
user_id_8,504,2
user_id_8,173,3
user_id_8,227348,5
user_id_8,1955,3
user_id_8,152532,3
user_id_8,243940,5
user_id_8,77,2
user_id_8,157547,1
user_id_8,2295,3
user_id_8,71,4
user_id_8,147773,3
user_id_8,16096,3
user_id_8,24266,3
user_id_8,16508,4
user_id_8,2895,4
user_id_8,15660,2
user_id_8,59968,5
user_id_8,323677,5
user_id_8,19848,4
user_id_8,256274,4
user_id_8,235271,4
user_id_8,45153,4
user_id_8,284293,1
user_id_8,24973,5
user_id_8,21610,3
user_id_8,10283,3
user_id_8,8346,2
user_id_8,122081,1
user_id_8,10987,5
user_id_8,1391,5
user_id_8,747,4
user_id_8,14745,5
user_id_8,26748,2
user_id_8,11357,2
user_id_8,24913,5
user_id_8,13776,2
user_id_8,14854,5
user_id_8,50357,2
user_id_8,13090,4
user_id_8,192141,3
user_id_8,16441,5
user_id_8,29996,2
user_id_8,351819,2
user_id_8,14834,2
user_id_8,22649,3
user_id_8,378200,2
user_id_8,20455,1
user_id_8,13193,1
user_id_8,11042,4
user_id_8,10786,3
user_id_8,12484,1
user_id_8,17339,3
user_id_8,11959,5
user_id_8,9900,5
user_id_8,14662,2
user_id_8,335,2
user_id_8,15745,5
user_id_8,17431,2
user_id_8,21014,5
user_id_8,78394,3
user_id_8,10217,1
user_id_8,46332,2
user_id_8,13996,4
user_id_8,3028,4
user_id_8,1024,3
user_id_8,343795,1
user_id_8,45658,2
user_id_8,16148,4
user_id_8,4553,5
user_id_8,36351,4
user_id_8,245916,3
user_id_8,27585,5
user_id_8,1415,4
user_id_8,313922,3
user_id_8,14474,5
user_id_8,199933,2
user_id_8,13685,1
user_id_8,8744,1
user_id_8,38428,2
user_id_8,8847,4
user_id_8,39269,4
user_id_8,46838,2
user_id_8,51384,4
user_id_8,56930,2
user_id_8,41730,4
user_id_8,18442,1
user_id_8,298312,5
user_id_8,11600,1
user_id_8,71547,1
user_id_8,57876,1
user_id_8,77495,2
user_id_8,13849,5
user_id_8,14849,4
user_id_8,12486,4
user_id_8,19615,4
user_id_8,244403,2
user_id_8,292481,3
user_id_8,340816,4
user_id_8,78814,2
user_id_8,297596,5
user_id_8,299552,4
user_id_8,11935,5
user_id_8,113406,2
user_id_8,447027,2
user_id_8,290825,1
user_id_8,361159,2
user_id_8,12555,4
user_id_8,31175,4
user_id_8,12498,3
user_id_8,77949,5
user_id_8,1690,5
user_id_8,8435,5
user_id_8,64720,2
user_id_8,49365,4
user_id_8,11404,4
user_id_8,300706,2
user_id_8,16337,4
user_id_8,11577,2
user_id_8,77987,5
user_id_8,40185,3
user_id_8,68202,2
user_id_8,8981,5
user_id_8,10914,2
user_id_8,50848,1
user_id_8,166624,4
user_id_8,10822,1
user_id_8,10844,5
user_id_8,9336,1
user_id_8,5689,4
user_id_8,712,3
user_id_8,13342,1
user_id_8,10339,2
user_id_8,1429,3
user_id_8,9303,3
user_id_8,641,1
user_id_8,27686,5
user_id_8,65749,1
user_id_8,6106,1
user_id_8,252680,2
user_id_8,141,1
user_id_8,66607,4
user_id_8,17139,2
user_id_8,12079,3
user_id_8,39800,3
user_id_8,4550,4
user_id_8,62116,2
user_id_8,9991,3
user_id_8,13807,2
user_id_8,68818,4
user_id_8,12093,3
user_id_8,36419,3
user_id_8,281730,3
user_id_8,510,1
user_id_8,362105,1
user_id_8,10970,3
user_id_8,375290,1
user_id_8,17663,1
user_id_8,270938,5
user_id_8,116613,4
user_id_8,11826,5
user_id_8,29920,4
user_id_8,1088,3
user_id_8,26379,2
user_id_8,34069,4
user_id_8,10947,1
user_id_8,47452,1
user_id_8,3040,2
user_id_8,11386,3
user_id_8,10246,2
user_id_8,29426,4
user_id_8,10331,5
user_id_8,153,3
user_id_8,703,1
user_id_8,27191,2
user_id_8,1365,2
user_id_8,287424,2
user_id_8,451,5
user_id_8,165864,5
user_id_8,987,1
user_id_8,241251,5
user_id_8,40494,3
user_id_8,39781,3
user_id_8,8337,4
user_id_8,5925,5
user_id_8,8357,5
user_id_8,146203,5
user_id_8,85350,5
user_id_8,512,5
user_id_8,13408,3
user_id_8,47816,1
user_id_8,10744,3
user_id_8,11536,4
user_id_8,9782,3
user_id_8,18713,4
user_id_8,6537,4
user_id_8,184345,5
user_id_8,1809,4
user_id_8,2370,5
user_id_8,9809,4
user_id_8,5,5
user_id_8,11013,2
user_id_8,19153,1
user_id_8,10132,5
user_id_8,16448,1
user_id_8,15122,5
user_id_8,8141,5
user_id_8,1546,5
user_id_8,48572,3
user_id_8,14517,5
user_id_8,89708,3
user_id_8,27551,1
user_id_8,64678,3
user_id_8,309503,5
user_id_8,14293,4
user_id_8,15059,1
user_id_8,103328,2
user_id_8,157847,4
user_id_8,25719,2
user_id_8,48309,2
user_id_8,27723,2
user_id_8,20468,5
user_id_8,242575,2
user_id_8,44945,5
user_id_8,29122,5
user_id_8,125123,1
user_id_8,111190,2
user_id_8,133575,5
user_id_8,54580,4
user_id_8,52015,5
user_id_8,34941,3
user_id_8,227975,5
user_id_8,60422,4
user_id_8,81390,2
user_id_8,10981,1
user_id_8,225235,2
user_id_8,14902,1
user_id_8,121676,1
user_id_8,22301,1
user_id_8,20065,3
user_id_8,257087,4
user_id_8,46420,5
user_id_8,114635,4
user_id_8,158150,3
user_id_8,251979,5
user_id_8,874,2
user_id_8,10774,2
user_id_8,770,2
user_id_8,266102,3
user_id_8,29715,2
user_id_8,25209,4
user_id_8,37495,1
user_id_8,29262,2
user_id_8,34769,1
user_id_8,35032,5
user_id_8,5178,3
user_id_8,8618,3
user_id_8,3116,1
user_id_8,9427,5
user_id_8,813,4
user_id_8,352978,2
user_id_8,10634,4
user_id_8,9516,5
user_id_8,16288,3
user_id_8,23330,2
user_id_8,18900,4
user_id_8,27029,5
user_id_8,26268,2
user_id_8,573,4
user_id_8,310131,5
user_id_8,40505,3
user_id_8,11363,5
user_id_8,3033,1
user_id_8,25376,1
user_id_8,22007,4
user_id_8,765,5
user_id_8,10615,5
user_id_9,205321,1
user_id_9,89540,4
user_id_9,46146,5
user_id_9,38007,1
user_id_9,14256,5
user_id_9,540,3
user_id_9,370464,5
user_id_9,20055,4
user_id_9,224569,5
user_id_9,395766,1
user_id_9,39303,4
user_id_9,142061,1
user_id_9,370662,3
user_id_9,252360,5
user_id_9,256740,5
user_id_9,299145,2
user_id_9,241766,1
user_id_9,12535,4
user_id_9,1667,3
user_id_9,50839,3
user_id_9,86549,1
user_id_9,13973,5
user_id_9,244786,3
user_id_9,598,3
user_id_9,11129,4
user_id_9,75861,3
user_id_9,13551,2
user_id_9,103663,2
user_id_9,850,5
user_id_9,12586,2
user_id_9,11564,2
user_id_9,301748,5
user_id_9,108346,1
user_id_9,8841,3
user_id_9,805,4
user_id_9,11697,4
user_id_9,22051,2
user_id_9,436,3
user_id_9,55347,3
user_id_9,10070,5
user_id_9,8469,1
user_id_9,658,4
user_id_9,125490,5
user_id_9,1585,1
user_id_9,627,3
user_id_9,23618,1
user_id_9,41436,1
user_id_9,10162,5
user_id_9,1430,4
user_id_9,259943,4
user_id_9,10014,3
user_id_9,11257,2
user_id_9,158015,3
user_id_9,82507,4
user_id_9,20337,2
user_id_9,261,5
user_id_9,1685,5
user_id_9,20737,2
user_id_9,10991,2
user_id_9,10225,4
user_id_9,826,3
user_id_9,34086,3
user_id_9,5854,1
user_id_9,284,5
user_id_9,10285,4
user_id_9,5780,4
user_id_9,292,1
user_id_9,223485,1
user_id_9,29463,1
user_id_9,18065,2
user_id_9,22013,4
user_id_9,821,5
user_id_9,53862,5
user_id_9,3089,4
user_id_9,30139,1
user_id_9,132344,4
user_id_9,15582,2
user_id_9,15158,4
user_id_9,44634,3
user_id_9,30309,2
user_id_9,7509,5
user_id_9,10557,4
user_id_9,23531,5
user_id_9,28005,2
user_id_9,40247,3
user_id_9,252,4
user_id_9,24126,2
user_id_9,13982,2
user_id_9,16642,3
user_id_9,17734,4
user_id_9,18892,3
user_id_9,549,1
user_id_9,121986,5
user_id_9,868,2
user_id_9,10683,4
user_id_9,17995,4
user_id_9,246403,4
user_id_9,670,3
user_id_9,35691,1
user_id_9,49010,5
user_id_9,317930,3
user_id_9,11229,2
user_id_9,22488,2
user_id_9,24469,2
user_id_9,82533,5
user_id_9,50942,1
user_id_9,84174,5
user_id_9,34099,4
user_id_9,79940,3
user_id_9,342,1
user_id_9,281230,4
user_id_9,38033,5
user_id_9,100975,1
user_id_9,38541,2
user_id_9,39563,4
user_id_9,234212,5
user_id_9,27404,2
user_id_9,170480,5
user_id_9,71866,2
user_id_9,192210,2
user_id_9,180296,2
user_id_9,157058,1
user_id_9,70006,2
user_id_9,26039,3
user_id_9,79587,2
user_id_9,176077,2
user_id_9,260947,1
user_id_9,342502,4
user_id_9,191229,4
user_id_9,43213,2
user_id_9,44594,2
user_id_9,666,1
user_id_9,248,4
user_id_9,325173,2
user_id_9,55831,3
user_id_9,351043,5
user_id_9,43942,4
user_id_9,10226,1
user_id_9,66942,5
user_id_9,356483,3
user_id_9,10476,1
user_id_9,239,1
user_id_9,10281,5
user_id_9,630,3
user_id_9,3034,4
user_id_9,13025,3
user_id_9,21461,3
user_id_9,55306,4
user_id_9,17264,1
user_id_9,346081,1
user_id_9,16016,5
user_id_9,15875,5
user_id_9,5900,2
user_id_9,43306,5
user_id_9,11072,2
user_id_9,9730,3
user_id_9,209274,4
user_id_9,26371,2
user_id_9,14137,3
user_id_9,291,4
user_id_9,14139,2
user_id_9,33106,5
user_id_9,8875,3
user_id_9,872,5
user_id_9,72914,1
user_id_9,139038,5
user_id_9,126509,3
user_id_9,9591,3
user_id_9,10676,2
user_id_9,1687,1
user_id_9,24748,1
user_id_9,181330,3
user_id_9,468,3
user_id_9,401,5
user_id_9,76,3
user_id_9,50538,5
user_id_9,25636,1
user_id_9,19316,1
user_id_9,21074,3
user_id_9,84329,3
user_id_9,20,1
user_id_9,157386,5
user_id_9,13007,2
user_id_9,13518,1
user_id_9,116584,1
user_id_9,46849,4
user_id_9,40428,4
user_id_9,17334,2
user_id_9,1698,3
user_id_9,20764,4
user_id_9,45132,1
user_id_9,76706,3
user_id_9,254472,4
user_id_9,332285,5
user_id_9,49471,4
user_id_9,13569,1
user_id_9,7512,2
user_id_9,356216,2
user_id_9,11798,3
user_id_9,146631,3
user_id_9,43546,2
user_id_9,61038,1
user_id_9,78373,4
user_id_9,17820,5
user_id_9,74457,1
user_id_9,283384,5
user_id_9,19933,3
user_id_9,756,4
user_id_9,433715,2
user_id_9,9728,2
user_id_9,9731,2
user_id_9,9916,4
user_id_9,309425,1
user_id_9,14156,4
user_id_9,43610,5
user_id_9,360339,5
user_id_9,31163,5
user_id_9,297621,5
user_id_9,16205,2
user_id_9,887,1
user_id_9,9517,4
user_id_9,6007,5
user_id_9,364083,1
user_id_9,8329,3
user_id_9,69640,3
user_id_9,371085,2
user_id_9,347548,3
user_id_9,322443,2
user_id_9,657,1
user_id_9,28165,4
user_id_9,11561,3
user_id_9,270303,2
user_id_9,11624,5
user_id_9,595,4
user_id_9,8810,1
user_id_9,12207,3
user_id_9,226,3
user_id_9,92182,1
user_id_9,582,4
user_id_9,72213,3
user_id_9,990,4
user_id_9,55604,1
user_id_9,9662,1
user_id_9,20862,4
user_id_9,2771,3
user_id_9,80,1
user_id_9,55,5
user_id_9,11023,3
user_id_9,33667,4
user_id_9,39013,1
user_id_9,11194,3
user_id_9,43839,1
user_id_9,1382,1
user_id_9,44639,4
user_id_9,301351,4
user_id_9,4816,2
user_id_9,7873,2
user_id_9,331190,3
user_id_9,15186,2
user_id_9,17994,1
user_id_9,1378,2
user_id_9,8885,4
user_id_9,48382,2
user_id_9,12901,1
user_id_9,250124,1
user_id_9,14284,2
user_id_9,57120,4
user_id_9,12228,1
user_id_9,22617,4
user_id_9,55561,2
user_id_9,42889,1
user_id_9,10656,1
user_id_9,24363,3
user_id_9,13121,2
user_id_9,24746,1
user_id_9,325140,3
user_id_9,12109,3
user_id_9,27023,5
user_id_9,22913,2
user_id_9,273899,4
user_id_9,20653,5
user_id_9,67373,4
user_id_9,171759,3
user_id_9,206296,5
user_id_9,35219,5
user_id_9,28260,4
user_id_9,7515,4
user_id_9,13075,1
user_id_9,335866,5
user_id_9,13510,4
user_id_9,215881,4
user_id_9,18238,1
user_id_9,22600,4
user_id_9,12612,3
user_id_9,50698,2
user_id_9,115210,2
user_id_9,34335,5
user_id_9,459488,4
user_id_9,11302,1
user_id_9,119458,3
user_id_9,20406,2
user_id_9,3766,1
user_id_9,18616,1
user_id_9,18808,4
user_id_9,95755,3
user_id_9,198062,1
user_id_9,188652,4
user_id_9,174311,1
user_id_9,12602,5
user_id_9,153795,1
user_id_9,17768,3
user_id_9,13516,2
user_id_9,98549,3
user_id_9,312793,2
user_id_9,309919,2
user_id_9,299553,5
user_id_9,21309,1
user_id_9,32235,5
user_id_9,329540,4
user_id_9,26388,5
user_id_9,49020,1
user_id_9,159037,4
user_id_9,12838,3
user_id_9,157293,4
user_id_9,14048,1
user_id_9,356987,5
user_id_9,295886,5
user_id_9,38358,2
user_id_9,33511,2
user_id_9,702,1
user_id_9,935,2
user_id_9,542,4
user_id_9,84175,4
user_id_9,1705,5
user_id_9,62677,1
user_id_9,50875,3
user_id_9,260778,5
user_id_9,58492,5
user_id_9,44562,5
user_id_9,37232,2
user_id_9,4929,2
user_id_9,36334,1
user_id_9,9783,3
user_id_9,386826,4
user_id_9,205126,2
user_id_9,98557,1
user_id_9,104,5
user_id_9,10894,5
user_id_9,246449,5
user_id_9,32579,3
user_id_9,1688,3
user_id_9,1999,2
user_id_9,43947,5
user_id_9,24066,4
user_id_9,9709,5
user_id_9,191714,4
user_id_9,25312,1
user_id_9,34106,3
user_id_9,11426,5
user_id_9,13909,4
user_id_9,206284,3
user_id_9,27455,3
user_id_9,66468,4
user_id_9,7973,5
user_id_9,283686,4
user_id_9,15976,1
user_id_9,592,5
user_id_9,74084,1
user_id_9,1651,5
user_id_9,25428,4
user_id_9,298584,5
user_id_9,10758,1
user_id_9,11690,2
user_id_9,3083,3
user_id_9,9344,3
user_id_9,10707,3
user_id_9,15647,3
user_id_9,308529,1
user_id_9,4174,3
user_id_9,20156,3
user_id_9,9464,4
user_id_9,49018,1
user_id_9,13820,5
user_id_9,18079,3
user_id_9,127918,2
user_id_9,17113,5
user_id_9,129139,2
user_id_9,507,3
user_id_9,4012,5
user_id_9,14054,2
user_id_9,323271,5
user_id_9,10972,1
user_id_9,13066,2
user_id_9,66025,1
user_id_9,11908,4
user_id_9,3082,1
user_id_9,39541,3
user_id_9,1961,3
user_id_9,51820,4
user_id_9,291362,4
user_id_9,30082,1
user_id_9,72913,5
user_id_9,23963,1
user_id_9,29406,2
user_id_9,361505,4
user_id_9,104755,4
user_id_9,253306,1
user_id_9,29595,2
user_id_9,46729,4
user_id_9,294600,3
user_id_9,137347,5
user_id_9,290370,2
user_id_9,426469,5
user_id_9,356841,4
user_id_9,301325,1
user_id_9,347755,3
user_id_9,408,5
user_id_9,44413,1
user_id_9,39209,3
user_id_9,48463,3
user_id_9,394047,1
user_id_9,312791,4
user_id_9,266034,4
user_id_9,280381,4
user_id_9,2661,4
user_id_9,100,4
user_id_9,218500,1
user_id_9,309,5
user_id_9,27845,2
user_id_9,25784,4
user_id_9,52790,2
user_id_9,100275,3
user_id_9,295914,1
user_id_9,42033,5
user_id_9,19187,2
user_id_9,46415,3
user_id_9,38570,3
user_id_9,27588,5
user_id_9,223,1
user_id_9,9725,1
user_id_9,28580,4
user_id_9,23730,4
user_id_9,84197,1
user_id_9,46256,1
user_id_9,19997,4
user_id_9,43266,3
user_id_9,278316,2
user_id_9,1412,2
user_id_9,176,4
user_id_9,39939,2
user_id_9,357834,3
user_id_9,215924,4
user_id_9,480,5
user_id_9,14295,1
user_id_9,11219,2
user_id_9,20770,2
user_id_9,176124,2
user_id_9,500,5
user_id_9,60400,3
user_id_9,429,3
user_id_9,310569,3
user_id_9,98369,4
user_id_9,114065,1
user_id_9,89750,2
user_id_9,49951,1
user_id_9,86331,1
user_id_9,355629,1
user_id_9,16433,2
user_id_9,15544,4
user_id_9,43884,4
user_id_9,107315,2
user_id_9,137955,1
user_id_9,13064,4
user_id_9,59917,2
user_id_9,157422,3
user_id_9,310933,4
user_id_9,7553,1
user_id_9,12877,4
user_id_9,39895,3
user_id_9,102840,1
user_id_10,55616,3
user_id_10,29697,3
user_id_10,50037,5
user_id_10,94329,1
user_id_10,53502,3
user_id_10,202604,3
user_id_10,289,2
user_id_10,27374,5
user_id_10,26815,1
user_id_10,811,1
user_id_10,1366,1
user_id_10,244776,2
user_id_10,5769,2
user_id_10,277685,2
user_id_10,103,5
user_id_10,11298,1
user_id_10,646,1
user_id_10,93856,1
user_id_10,9003,1
user_id_10,347126,1
user_id_10,10092,2
user_id_10,10643,3
user_id_10,46705,5
user_id_10,546,2
user_id_10,76487,2
user_id_10,5722,4
user_id_10,39833,4
user_id_10,1781,5
user_id_10,18712,4
user_id_10,7944,3
user_id_10,171424,2
user_id_10,361475,5
user_id_10,113947,5
user_id_10,18570,4
user_id_10,83860,1
user_id_10,41469,3
user_id_10,244772,2
user_id_10,50837,1
user_id_10,248774,1
user_id_10,10183,4
user_id_10,159014,2
user_id_10,32456,2
user_id_10,49963,1
user_id_10,13508,3
user_id_10,22597,2
user_id_10,9707,2
user_id_10,37532,5
user_id_10,26791,4
user_id_10,56666,2
user_id_10,8675,5
user_id_10,13132,3
user_id_10,47686,2
user_id_10,46989,4
user_id_10,192132,4
user_id_10,24424,4
user_id_10,13198,4
user_id_10,244267,1
user_id_10,21413,1
user_id_10,123678,2
user_id_10,13362,3
user_id_10,39183,1
user_id_10,62402,3
user_id_10,206412,5
user_id_10,201132,4
user_id_10,251471,1
user_id_10,112456,4
user_id_10,20296,5
user_id_10,25983,2
user_id_10,66195,5
user_id_10,16155,5
user_id_10,46727,1
user_id_10,55180,1
user_id_10,29015,3
user_id_10,91122,3
user_id_10,18206,5
user_id_10,320146,4
user_id_10,13856,4
user_id_10,219716,3
user_id_10,43630,1
user_id_10,56491,4
user_id_10,99826,2
user_id_10,186935,3
user_id_10,357441,2
user_id_10,19344,2
user_id_10,242083,2
user_id_10,18869,4
user_id_10,26673,5
user_id_10,41830,3
user_id_10,37694,5
user_id_10,63287,5
user_id_10,335874,5
user_id_10,34592,2
user_id_10,92635,5
user_id_10,258755,5
user_id_10,96534,4
user_id_10,21283,4
user_id_10,272724,1
user_id_10,84178,5
user_id_10,101179,3
user_id_10,52462,2
user_id_10,269057,2
user_id_10,287524,1
user_id_10,206213,5
user_id_10,248402,3
user_id_10,29146,4
user_id_10,207769,4
user_id_10,271185,2
user_id_10,29731,2
user_id_10,292539,2
user_id_10,654,3
user_id_10,91070,4
user_id_10,2009,3
user_id_10,323270,4
user_id_10,2652,1
user_id_10,9813,3
user_id_10,60421,3
user_id_10,157354,5
user_id_10,127867,5
user_id_10,3170,4
user_id_10,14014,4
user_id_10,15708,5
user_id_10,146882,4
user_id_10,215918,3
user_id_10,84200,4
user_id_10,84184,5
user_id_10,45767,4
user_id_10,14823,3
user_id_10,367551,5
user_id_10,343409,5
user_id_10,60243,4
user_id_10,57294,3
user_id_10,11446,5
user_id_10,47889,2
user_id_10,25461,2
user_id_10,905,5
user_id_10,279759,2
user_id_10,78705,4
user_id_10,25212,1
user_id_10,26899,1
user_id_10,146269,5
user_id_10,292483,2
user_id_10,14451,2
user_id_10,10105,3
user_id_10,211557,5
user_id_10,838,5
user_id_10,40862,1
user_id_10,13158,2
user_id_10,84332,4
user_id_10,74510,4
user_id_10,74725,2
user_id_10,58428,2
user_id_10,8416,4
user_id_10,36584,3
user_id_10,13429,1
user_id_10,9022,1
user_id_10,22530,4
user_id_10,288,1
user_id_10,14275,1
user_id_10,2287,4
user_id_10,18734,1
user_id_10,206197,2
user_id_10,26837,5
user_id_10,7859,2
user_id_10,302579,1
user_id_10,51955,1
user_id_10,376004,2
user_id_10,158752,1
user_id_10,40658,1
user_id_10,296943,4
user_id_10,118612,2
user_id_10,138976,1
user_id_10,323967,5
user_id_10,3080,5
user_id_10,2667,2
user_id_10,9459,5
user_id_10,11598,3
user_id_10,26916,5
user_id_10,181940,5
user_id_10,125263,2
user_id_10,263503,2
user_id_10,324322,2
user_id_10,331493,2
user_id_10,375950,4
user_id_10,278348,2
user_id_10,704,3
user_id_10,70875,1
user_id_10,75986,2
user_id_10,385636,1
user_id_10,14438,4
user_id_10,211086,5
user_id_10,23069,1
user_id_10,83,5
user_id_10,89857,2
user_id_10,30315,5
user_id_10,14358,3
user_id_10,2056,5
user_id_10,41144,3
user_id_10,35199,4
user_id_10,14271,3
user_id_10,16653,3
user_id_10,14757,5
user_id_10,84401,5
user_id_10,23655,4
user_id_10,36825,5
user_id_10,33430,1
user_id_10,12281,5
user_id_10,125052,2
user_id_10,96238,1
user_id_10,30246,2
user_id_10,7301,4
user_id_10,172533,4
user_id_10,180383,4
user_id_10,346,2
user_id_10,84318,1
user_id_10,45145,4
user_id_10,13983,5
user_id_10,45649,3
user_id_10,19844,5
user_id_10,21801,2
user_id_10,43933,3
user_id_10,73511,2
user_id_10,43653,1
user_id_10,139715,2
user_id_10,45380,2
user_id_10,30867,3
user_id_10,81220,5
user_id_10,253626,1
user_id_10,294550,4
user_id_10,90369,5
user_id_10,117942,1
user_id_10,380097,2
user_id_10,322194,2
user_id_10,98568,4
user_id_10,119657,3
user_id_10,380733,5
user_id_10,285743,3
user_id_10,362765,3
user_id_10,379532,2
user_id_10,253261,1
user_id_10,297100,1
user_id_10,15239,5
user_id_10,94072,1
user_id_10,4107,1
user_id_10,325579,2
user_id_10,15624,2
user_id_10,17287,1
user_id_10,198370,1
user_id_10,3062,5
user_id_10,328307,2
user_id_10,15389,2
user_id_10,464,5
user_id_10,308467,3
user_id_10,8193,2
user_id_10,188166,1
user_id_10,23827,1
user_id_10,1282,1
user_id_10,762,1
user_id_10,64499,3
user_id_10,281189,5
user_id_10,1435,2
user_id_10,47546,5
user_id_10,189711,1
user_id_10,19204,2
user_id_10,9029,4
user_id_10,18045,3
user_id_10,11240,1
user_id_10,43743,3
user_id_10,157909,4
user_id_10,10238,5
user_id_10,3059,1
user_id_10,15800,5
user_id_10,65203,1
user_id_10,764,4
user_id_10,103620,3
user_id_10,319069,2
user_id_10,14278,1
user_id_10,25678,1
user_id_10,79161,3
user_id_10,371690,5
user_id_10,389,3
user_id_10,52032,5
user_id_10,3078,5
user_id_10,38810,1
user_id_10,21525,5
user_id_10,55123,1
user_id_10,11980,4
user_id_10,11956,4
user_id_10,1550,4
user_id_10,162396,1
user_id_10,26518,1
user_id_10,8942,5
user_id_10,68412,3
user_id_10,2786,3
user_id_10,87943,4
user_id_10,73981,5
user_id_10,91721,4
user_id_10,118452,1
user_id_10,47534,5
user_id_10,40914,2
user_id_10,365052,2
user_id_10,13282,1
user_id_10,250184,1
user_id_10,426067,3
user_id_10,324352,4
user_id_10,318040,4
user_id_10,27420,2
user_id_10,80468,1
user_id_10,84188,1
user_id_10,2255,4
user_id_10,50035,2
user_id_10,300327,2
user_id_10,14290,2
user_id_10,29371,3
user_id_10,44490,1
user_id_10,32222,5
user_id_10,378237,4
user_id_10,431,3
user_id_10,76996,4
user_id_10,51942,4
user_id_10,1424,1
user_id_10,60420,4
user_id_10,325123,2
user_id_10,142132,3
user_id_10,20520,4
user_id_10,109729,3
user_id_10,78307,3
user_id_10,12247,2
user_id_10,29917,4
user_id_10,70687,5
user_id_10,60463,2
user_id_10,46252,1
user_id_10,24869,1
user_id_10,77934,3
user_id_10,34697,4
user_id_10,320435,1
user_id_10,150211,1
user_id_10,306667,5
user_id_10,274758,5
user_id_10,3060,1
user_id_10,40963,3
user_id_10,173224,3
user_id_10,18533,2
user_id_10,376010,5
user_id_10,139948,4
user_id_10,77332,3
user_id_10,70478,5
user_id_10,35073,2
user_id_10,9659,5
user_id_10,10218,5
user_id_10,391,3
user_id_10,43595,2
user_id_10,194588,1
user_id_10,54897,2
user_id_10,83588,1
user_id_10,53256,2
user_id_10,40920,5
user_id_10,287815,2
user_id_10,54702,5
user_id_10,176074,1
user_id_10,69270,2
user_id_10,5759,4
user_id_10,402515,3
user_id_10,126141,3
user_id_10,48035,2
user_id_10,14758,2
user_id_10,13363,2
user_id_10,37985,3
user_id_10,25786,2
user_id_10,36549,5
user_id_10,361398,1
user_id_10,289180,1
user_id_10,288927,1
user_id_10,21334,3
user_id_10,79120,2
user_id_10,27995,4
user_id_10,253290,2
user_id_10,344466,5
user_id_10,55420,4
user_id_10,5822,4
user_id_10,408429,2
user_id_10,39141,2
user_id_10,5723,2
user_id_10,28666,4
user_id_10,30979,1
user_id_10,50497,1
user_id_10,354624,1
user_id_10,13187,2
user_id_10,335244,3
user_id_10,178862,4
user_id_10,331745,4
user_id_10,1779,3
user_id_10,282128,5
user_id_10,86812,3
user_id_10,38786,2
user_id_10,84355,3
user_id_10,18632,2
user_id_10,40652,1
user_id_10,339408,4
user_id_10,266857,5
user_id_10,18925,1
user_id_10,299245,4
user_id_10,985,1
user_id_10,34101,5
user_id_10,9821,5
user_id_10,65448,1
user_id_10,18841,3
user_id_10,272726,5
user_id_10,175291,3
user_id_10,80215,2
user_id_10,13538,3
user_id_10,51130,2
user_id_10,270554,1
user_id_10,72086,2
user_id_10,268917,3
user_id_10,64973,1
user_id_10,473,1
user_id_10,90414,4
user_id_10,111794,2
user_id_10,360188,1
user_id_10,9372,1
user_id_10,85860,4
user_id_10,244534,4
user_id_10,33468,2
user_id_10,294086,1
user_id_10,139998,3
user_id_10,74777,3
user_id_10,16388,5
user_id_10,159770,4
user_id_10,42109,2
user_id_10,47607,3
user_id_10,193603,2
user_id_10,84659,5
user_id_10,322745,4
user_id_10,20981,2
user_id_10,174362,1
user_id_10,242095,3
user_id_10,250902,3
user_id_10,158895,1
user_id_10,222250,1
user_id_10,18292,3
user_id_10,125537,2
user_id_10,326576,1
user_id_10,228550,4
user_id_10,13963,4
user_id_10,290391,5
user_id_10,44770,4
user_id_10,69382,2
user_id_10,40769,4
user_id_10,220490,5
user_id_10,42151,1
user_id_10,2292,2
user_id_10,42497,3
user_id_10,33693,2
user_id_10,14585,3
user_id_10,185465,5
user_id_10,38780,3
user_id_10,14022,5
user_id_10,366967,3
user_id_10,255266,2
user_id_10,17345,4
user_id_10,226458,4
user_id_10,24055,5
user_id_10,287625,4
user_id_10,44990,3
user_id_10,86304,1
user_id_10,692,3
user_id_10,39851,3
user_id_10,13898,3
user_id_10,157185,5
user_id_10,36095,5
user_id_10,182291,5
user_id_10,286939,3
user_id_10,124606,5
user_id_10,14337,4
user_id_10,67238,5
user_id_10,9367,3
user_id_10,72766,5
user_id_10,231617,2
user_id_10,126186,3
user_id_10,25975,2
